Zone, Enrollment, PwD-Status, PaperCode1, PaperCode2, registrationId1, registrationId1, City-Choice1, City-Choice2, City-Choice3, ChoiceNumber
Zone7, C124P45, true, MA, null, null, null, 56, 49, 11, -1
Zone3, C100X67, true, PH, null, null, null, 18, 27, 62, -1
Zone5, C103Q55, false, BL, BT, null, null, 37, 35, 18, 1
Zone5, C101J83, false, BL, BT, null, null, 37, 40, 35, 1
Zone3, C100W73, true, PH, BT, null, null, 18, 27, 62, -1
Zone5, C100Q95, false, BL, BT, null, null, 37, 35, 40, 1
Zone3, C105D35, true, PH, null, null, null, 18, 27, 21, -1
Zone3, C104R25, true, PH, null, null, null, 27, 18, 57, -1
Zone5, C107X53, false, MA, MS, null, null, 37, 40, 59, 1
Zone3, C108N50, true, MA, null, null, null, 22, 18, 27, -1
Zone4, C117S43, true, MA, null, null, null, 31, 30, 34, -1
Zone5, C112X28, true, MA, null, null, null, 39, 40, 36, -1
Zone3, C103D96, true, PH, null, null, null, 27, 18, 62, -1
Zone5, C109S57, false, BL, BT, null, null, 37, 40, 27, 1
Zone5, C111Q42, false, PH, CY, null, null, 37, 35, 61, 1
Zone5, C116S74, true, GG, null, null, null, 35, 39, 62, -1
Zone5, C102W81, false, MA, CY, null, null, 37, 40, 62, 1
Zone3, C110F71, true, CY, null, null, null, 20, 27, 62, -1
Zone5, C112G36, false, PH, CY, null, null, 37, 40, 61, 1
Zone3, C112C91, true, MA, null, null, null, 27, 18, 20, -1
Zone5, C114C62, false, PH, CY, null, null, 37, 40, 61, 1
Zone4, C114T83, false, CY, null, null, null, 31, 30, 34, -1
Zone4, C115G90, false, CY, null, null, null, 31, 30, 34, -1
Zone3, C123X31, true, CY, null, null, null, 27, 18, 19, 1
Zone4, C120N18, false, CY, null, null, null, 31, 30, 34, -1
Zone4, C115H40, false, CY, null, null, null, 31, 30, 34, -1
Zone4, C118E75, false, CY, null, null, null, 31, 30, 44, -1
Zone4, C107Y56, false, GG, null, null, null, 31, 30, 44, -1
Zone4, C127Q44, false, CY, null, null, null, 31, 30, 34, -1
Zone4, C109K58, false, CY, null, null, null, 31, 30, 34, -1
Zone4, C111B91, false, CY, null, null, null, 31, 30, 34, -1
Zone4, C111A80, false, CY, null, null, null, 31, 30, 34, -1
Zone4, C112N28, false, BT, null, null, null, 31, 30, 34, -1
Zone4, C105R19, false, GG, null, null, null, 31, 30, 44, -1
Zone4, C115G79, false, GG, null, null, null, 31, 30, 44, -1
Zone4, C115V42, false, CY, null, null, null, 31, 30, 34, -1
Zone5, C115J72, true, PH, null, null, null, 39, 40, 36, -1
Zone4, C116B60, false, GG, null, null, null, 31, 30, 44, -1
Zone4, C113K75, false, CY, null, null, null, 31, 30, 34, -1
Zone4, C118E67, false, CY, null, null, null, 31, 30, 44, -1
Zone4, C113Q91, false, CY, null, null, null, 31, 30, 34, -1
Zone4, C113R13, false, CY, null, null, null, 31, 30, 34, -1
Zone4, C108S85, false, CY, null, null, null, 31, 30, 34, -1
Zone4, C116M49, false, CY, null, null, null, 31, 30, 44, -1
Zone3, C116C10, true, PH, null, null, null, 19, 27, 62, -1
Zone4, C105H45, false, GG, null, null, null, 31, 30, 44, -1
Zone4, C113Q97, false, CY, null, null, null, 31, 30, 44, -1
Zone4, C115Z77, false, BT, null, null, null, 31, 30, 44, -1
Zone4, C105R18, false, GG, null, null, null, 31, 30, 44, -1
Zone4, C116H65, false, CY, null, null, null, 31, 30, 34, -1
Zone4, C116A99, false, GG, null, null, null, 31, 30, 44, -1
Zone5, C114Y57, true, PH, null, null, null, 40, 39, 36, -1
Zone4, C116B91, false, CY, null, null, null, 31, 30, 34, -1
Zone4, C111X87, false, GG, null, null, null, 31, 30, 12, -1
Zone4, C113S39, false, CY, null, null, null, 31, 30, 34, -1
Zone4, C116R98, false, CY, null, null, null, 31, 30, 44, -1
Zone4, C117B66, false, CY, null, null, null, 31, 30, 10, -1
Zone5, C113G46, false, BL, BT, null, null, 37, 40, 61, 1
Zone4, C106G89, false, GG, null, null, null, 31, 30, 44, -1
Zone4, C115B73, false, GG, null, null, null, 31, 30, 12, -1
Zone4, C116R67, false, CY, null, null, null, 31, 30, 44, -1
Zone3, C123Y51, true, PH, null, null, null, 27, 18, 19, -1
Zone5, C117B29, true, MA, null, null, null, 39, 40, 35, -1
Zone4, C117K84, false, CY, null, null, null, 31, 30, 44, -1
Zone5, C120W50, false, BL, BT, null, null, 37, 40, 27, 1
Zone4, C110P94, false, GG, null, null, null, 31, 30, 12, -1
Zone4, C106W36, false, GG, null, null, null, 31, 30, 44, -1
Zone4, C104D95, false, GG, null, null, null, 31, 30, 44, -1
Zone3, C118A96, true, CY, null, null, null, 27, 19, 20, 1
Zone5, C121T32, false, BL, BT, null, null, 37, 40, 61, 1
Zone4, C121K31, false, CY, null, null, null, 31, 30, 44, -1
Zone4, C119V44, false, CY, null, null, null, 31, 30, 34, -1
Zone4, C118G44, false, GG, null, null, null, 31, 30, 44, -1
Zone4, C112H17, false, CY, null, null, null, 31, 30, 34, -1
Zone5, C117A24, true, CY, null, null, null, 41, 36, 40, 1
Zone3, C118Y37, true, CY, null, null, null, 27, 18, 20, 1
Zone4, C119R80, false, CY, null, null, null, 31, 30, 1, -1
Zone4, C118G22, false, CY, null, null, null, 31, 30, 44, -1
Zone4, C118V34, false, GG, null, null, null, 31, 30, 44, -1
Zone4, C104J41, false, GG, null, null, null, 31, 30, 44, -1
Zone4, C118C37, false, CY, null, null, null, 31, 30, 34, -1
Zone3, C113Y39, false, CY, null, null, null, 27, 21, 19, -1
Zone3, C104D47, false, CY, null, null, null, 27, 18, 19, -1
Zone5, C117S80, false, BL, CY, null, null, 37, 40, 57, 1
Zone3, C117U38, false, CY, null, null, null, 27, 18, 60, -1
Zone3, C115T32, false, CY, null, null, null, 27, 18, 21, -1
Zone3, C117A47, false, CY, null, null, null, 27, 18, 20, -1
Zone4, C118F70, false, GG, null, null, null, 31, 30, 34, -1
Zone3, C116P45, false, CY, null, null, null, 27, 18, 20, -1
Zone4, C116R92, false, CY, null, null, null, 31, 30, 34, -1
Zone3, C104H51, false, CY, null, null, null, 27, 18, 20, -1
Zone3, C109D46, false, CY, null, null, null, 27, 18, 61, -1
Zone3, C106K90, false, CY, null, null, null, 27, 18, 62, -1
Zone3, C107A61, false, CY, null, null, null, 27, 18, 20, -1
Zone3, C118V52, false, BT, null, null, null, 27, 18, 21, -1
Zone3, C119V31, false, CY, null, null, null, 27, 18, 21, -1
Zone3, C107H52, false, CY, null, null, null, 27, 18, 21, -1
Zone3, C118V42, false, CY, null, null, null, 27, 19, 21, -1
Zone3, C120G37, false, CY, null, null, null, 27, 18, 21, -1
Zone3, C100V93, false, GG, null, null, null, 27, 18, 20, -1
Zone5, C113G44, true, PH, null, null, null, 40, 36, 41, -1
Zone3, C118W38, false, MS, null, null, null, 27, 18, 21, -1
Zone4, C105R14, false, GG, null, null, null, 31, 30, 44, -1
Zone4, C116B44, false, CY, null, null, null, 31, 30, 34, -1
Zone3, C114G65, false, CY, null, null, null, 27, 18, 59, -1
Zone3, C119M61, false, MS, null, null, null, 27, 18, 20, -1
Zone3, C111Q16, false, CY, null, null, null, 27, 21, 18, -1
Zone3, C120G15, false, MS, null, null, null, 27, 18, 21, -1
Zone3, C119H90, false, CY, null, null, null, 27, 21, 18, -1
Zone5, C118P82, false, BL, BT, null, null, 37, 40, 27, 1
Zone3, C118X44, false, CY, null, null, null, 27, 18, 20, -1
Zone3, C116B82, false, CY, null, null, null, 27, 18, 36, -1
Zone3, C118T88, false, CY, null, null, null, 27, 18, 30, -1
Zone3, C118X45, false, CY, null, null, null, 27, 18, 20, -1
Zone3, C113G62, false, CY, null, null, null, 27, 18, 21, -1
Zone3, C110S64, false, CY, null, null, null, 27, 18, 21, -1
Zone3, C105A24, false, CY, null, null, null, 27, 18, 21, -1
Zone3, C107Z39, false, CY, null, null, null, 27, 18, 20, -1
Zone3, C114Y29, false, CY, null, null, null, 27, 21, 19, -1
Zone3, C118B90, false, CY, null, null, null, 27, 18, 58, -1
Zone3, C117C37, false, CY, null, null, null, 27, 18, 62, -1
Zone5, C120G79, false, PH, CY, null, null, 37, 40, 57, 1
Zone3, C107P55, false, CY, null, null, null, 27, 18, 62, -1
Zone5, C123V84, true, CY, null, null, null, 40, 36, 18, -1
Zone3, C122P50, true, PH, null, null, null, 27, 18, 37, -1
Zone3, C119W15, false, CY, null, null, null, 27, 19, 18, -1
Zone3, C118C32, false, CY, null, null, null, 27, 18, 21, -1
Zone3, C118E32, false, CY, null, null, null, 27, 21, 63, -1
Zone3, C111Z73, false, MS, null, null, null, 27, 21, 22, -1
Zone3, C109T92, false, CY, null, null, null, 27, 18, 20, -1
Zone3, C119Q83, false, MS, null, null, null, 27, 18, 62, -1
Zone3, C119M81, false, CY, null, null, null, 27, 18, 20, -1
Zone3, C119M97, false, CY, null, null, null, 27, 18, 22, -1
Zone3, C100U29, false, GG, null, null, null, 27, 18, 20, -1
Zone4, C108Z58, false, GG, null, null, null, 31, 30, 44, -1
Zone3, C113G15, false, CY, null, null, null, 27, 21, 62, -1
Zone3, C112Q91, false, CY, null, null, null, 27, 18, 20, -1
Zone3, C123F26, false, BT, null, null, null, 27, 18, 20, -1
Zone3, C121Y91, false, CY, null, null, null, 27, 18, 21, -1
Zone3, C121V88, false, CY, null, null, null, 27, 18, 20, -1
Zone3, C119X77, false, CY, null, null, null, 27, 18, 21, -1
Zone3, C109F32, false, CY, null, null, null, 27, 18, 21, -1
Zone5, C123C70, true, CY, null, null, null, 36, 39, 41, -1
Zone4, C117U26, false, CY, null, null, null, 31, 30, 44, -1
Zone3, C119X74, false, CY, null, null, null, 27, 18, 21, -1
Zone3, C117X93, false, CY, null, null, null, 27, 18, 21, -1
Zone3, C117W85, false, CY, null, null, null, 27, 18, 62, -1
Zone3, C107E37, false, CY, null, null, null, 27, 18, 62, -1
Zone4, C109P98, false, CY, null, null, null, 31, 30, 34, -1
Zone3, C117Y67, true, MA, null, null, null, 27, 21, 62, -1
Zone3, C109T57, false, CY, null, null, null, 27, 21, 62, -1
Zone3, C103R19, false, CY, null, null, null, 27, 18, 21, -1
Zone3, C115G44, false, BT, null, null, null, 27, 18, 62, -1
Zone3, C119D14, false, CY, null, null, null, 27, 18, 62, -1
Zone3, C112Q66, false, CY, null, null, null, 27, 18, 20, -1
Zone3, C111R47, false, CY, null, null, null, 27, 18, 19, -1
Zone3, C117D74, false, BT, null, null, null, 27, 18, 42, -1
Zone3, C117B80, false, BT, null, null, null, 27, 18, 21, -1
Zone3, C117C31, false, CY, null, null, null, 27, 21, 19, -1
Zone3, C116G51, false, CY, null, null, null, 27, 18, 20, -1
Zone4, C118Q79, false, CY, null, null, null, 31, 30, 18, -1
Zone3, C117P95, false, CY, null, null, null, 27, 21, 18, -1
Zone4, C117X47, false, CY, null, null, null, 31, 30, 44, -1
Zone4, C121J13, false, CY, null, null, null, 31, 30, 34, -1
Zone3, C109K92, false, CY, null, null, null, 27, 18, 21, -1
Zone3, C103G32, false, CY, null, null, null, 27, 18, 20, -1
Zone3, C114Q14, false, CY, null, null, null, 27, 18, 62, -1
Zone3, C103H80, false, BT, null, null, null, 27, 18, 33, -1
Zone4, C119E86, false, CY, null, null, null, 31, 30, 27, -1
Zone4, C119E89, false, CY, null, null, null, 31, 30, 44, -1
Zone3, C106V21, false, GG, null, null, null, 27, 18, 57, -1
Zone3, C114P33, false, MS, null, null, null, 27, 18, 21, -1
Zone3, C123V80, false, CY, null, null, null, 27, 19, 18, -1
Zone4, C100X35, false, CY, null, null, null, 31, 30, 44, -1
Zone3, C119W25, false, CY, null, null, null, 27, 19, 18, -1
Zone3, C119N62, false, BT, null, null, null, 27, 18, 19, -1
Zone3, C119V69, false, CY, null, null, null, 27, 18, 19, -1
Zone3, C104M17, false, CY, null, null, null, 27, 18, 19, -1
Zone3, C116T55, false, CY, null, null, null, 27, 20, 62, -1
Zone3, C105W39, false, CY, null, null, null, 27, 18, 21, -1
Zone4, C118R94, false, MA, null, null, null, 31, 30, 34, -1
Zone4, C118Q17, false, CY, null, null, null, 31, 30, 34, -1
Zone3, C118P79, false, CY, null, null, null, 27, 18, 62, -1
Zone3, C118Q32, false, CY, null, null, null, 27, 21, 18, -1
Zone4, C106Z65, false, PH, null, null, null, 31, 30, 44, -1
Zone3, C119P48, false, BT, null, null, null, 27, 18, 19, -1
Zone3, C126M53, false, BT, null, null, null, 27, 18, 62, -1
Zone3, C100X88, false, GG, null, null, null, 27, 18, 62, -1
Zone4, C119B61, false, MA, null, null, null, 31, 30, 44, -1
Zone4, C116N25, false, PH, null, null, null, 31, 30, 33, -1
Zone3, C122J59, false, MS, null, null, null, 27, 18, 19, -1
Zone3, C120H81, false, CY, null, null, null, 27, 18, 19, -1
Zone3, C119P92, false, CY, null, null, null, 27, 18, 20, -1
Zone3, C119R52, false, MS, null, null, null, 27, 21, 62, -1
Zone4, C117C61, false, BL, null, null, null, 31, 30, 44, -1
Zone3, C118B26, false, CY, null, null, null, 27, 18, 21, -1
Zone3, C118B50, false, CY, null, null, null, 27, 18, 21, -1
Zone3, C119A10, false, CY, null, null, null, 27, 18, 62, -1
Zone4, C123P33, false, PH, null, null, null, 31, 30, 44, -1
Zone3, C119Y72, false, CY, null, null, null, 27, 21, 26, -1
Zone4, C118Z65, false, PH, null, null, null, 31, 30, 34, -1
Zone4, C109Y62, false, PH, null, null, null, 31, 30, 34, -1
Zone3, C119Y25, false, CY, null, null, null, 27, 18, 21, -1
Zone5, C115D98, false, BL, BT, null, null, 37, 35, 18, 1
Zone3, C118X99, false, CY, null, null, null, 27, 18, 22, -1
Zone4, C119M58, false, GG, null, null, null, 31, 30, 44, -1
Zone4, C123C78, false, BL, null, null, null, 31, 30, 34, -1
Zone3, C119W26, false, CY, null, null, null, 27, 19, 18, -1
Zone4, C124H94, false, CY, null, null, null, 31, 30, 2, -1
Zone3, C125A41, false, CY, null, null, null, 27, 18, 35, -1
Zone3, C120A33, false, CY, null, null, null, 27, 18, 20, -1
Zone3, C122M98, false, BT, null, null, null, 27, 18, 62, -1
Zone3, C115C13, false, BT, null, null, null, 27, 18, 62, -1
Zone4, C118E63, false, CY, null, null, null, 31, 30, 44, -1
Zone3, C117Q75, false, CY, null, null, null, 27, 18, 61, -1
Zone5, C122S21, false, BL, BT, null, null, 37, 40, 18, 1
Zone3, C126W88, false, MS, null, null, null, 27, 18, 20, -1
Zone3, C100U79, false, CY, null, null, null, 27, 18, 62, -1
Zone3, C117X40, false, CY, null, null, null, 27, 18, 20, -1
Zone3, C117H74, false, CY, null, null, null, 27, 18, 19, -1
Zone4, C119F62, false, CY, null, null, null, 31, 30, 44, -1
Zone3, C119R60, false, BT, null, null, null, 27, 19, 18, -1
Zone3, C112M66, false, CY, null, null, null, 27, 18, 19, -1
Zone3, C119P35, false, CY, null, null, null, 27, 18, 62, -1
Zone3, C118B15, false, CY, null, null, null, 27, 18, 57, -1
Zone4, C117H34, false, PH, null, null, null, 31, 30, 34, -1
Zone3, C123R16, false, BT, null, null, null, 27, 20, 40, -1
Zone3, C119Y53, false, CY, null, null, null, 27, 18, 21, -1
Zone5, C110T83, true, BT, null, null, null, 41, 36, 40, 1
Zone3, C108V26, false, BT, null, null, null, 27, 18, 21, -1
Zone4, C120A67, false, MA, null, null, null, 31, 30, 44, -1
Zone5, C119Z41, true, MS, null, null, null, 35, 38, 23, -1
Zone3, C110E68, false, CY, null, null, null, 27, 23, 38, -1
Zone3, C100W52, false, CY, null, null, null, 27, 18, 22, -1
Zone3, C113G63, false, CY, null, null, null, 27, 18, 21, -1
Zone3, C113C72, false, CY, null, null, null, 27, 21, 18, -1
Zone3, C113Z99, false, CY, null, null, null, 27, 21, 59, -1
Zone4, C105R23, false, GG, null, null, null, 31, 30, 44, -1
Zone3, C101F44, true, CY, null, null, null, 27, 20, 18, -1
Zone3, C109T55, false, CY, null, null, null, 27, 21, 62, -1
Zone3, C110T28, false, CY, null, null, null, 27, 18, 21, -1
Zone3, C118U23, false, CY, null, null, null, 27, 18, 62, -1
Zone4, C117B52, false, PH, null, null, null, 31, 30, 34, -1
Zone3, C116U72, false, CY, null, null, null, 27, 24, 35, -1
Zone3, C103Q58, false, CY, null, null, null, 27, 18, 19, -1
Zone4, C116X23, false, CY, null, null, null, 31, 30, 34, -1
Zone3, C119X67, true, MA, null, null, null, 18, 27, 20, -1
Zone3, C120B37, false, CY, null, null, null, 27, 21, 19, -1
Zone3, C123G39, false, CY, null, null, null, 27, 18, 25, -1
Zone3, C123G37, false, CY, null, null, null, 27, 18, 25, -1
Zone3, C119T59, false, CY, null, null, null, 27, 18, 62, -1
Zone4, C120A57, false, MS, null, null, null, 31, 30, 27, -1
Zone4, C120N65, false, MA, null, null, null, 31, 30, 41, -1
Zone3, C108W48, false, BT, null, null, null, 27, 21, 18, -1
Zone4, C115T99, false, CY, null, null, null, 31, 30, 34, -1
Zone3, C120D19, false, CY, null, null, null, 27, 18, 16, -1
Zone4, C127A94, false, CY, null, null, null, 31, 30, 34, -1
Zone3, C106M97, false, MS, null, null, null, 27, 18, 62, -1
Zone4, C121B19, false, PH, null, null, null, 31, 30, 18, -1
Zone3, C120Q19, false, CY, null, null, null, 27, 20, 62, -1
Zone3, C114E93, false, CY, null, null, null, 27, 18, 19, -1
Zone3, C120Q38, false, CY, null, null, null, 27, 20, 18, -1
Zone3, C119C65, false, CY, null, null, null, 27, 18, 40, -1
Zone3, C120F68, false, CY, null, null, null, 27, 20, 18, -1
Zone3, C128G59, false, CY, null, null, null, 27, 20, 40, -1
Zone3, C104N34, false, CY, null, null, null, 27, 20, 18, -1
Zone3, C106D97, false, GG, null, null, null, 27, 18, 62, -1
Zone3, C106D93, false, GG, null, null, null, 27, 18, 62, -1
Zone3, C120R14, false, CY, null, null, null, 27, 18, 20, -1
Zone3, C106D92, false, GG, null, null, null, 27, 18, 62, -1
Zone3, C120H80, false, MS, null, null, null, 27, 21, 62, -1
Zone3, C114R98, false, CY, null, null, null, 27, 18, 19, -1
Zone3, C121A48, false, CY, null, null, null, 27, 21, 18, -1
Zone4, C120K38, false, MA, null, null, null, 31, 30, 44, -1
Zone3, C120R12, false, CY, null, null, null, 27, 18, 20, -1
Zone4, C120B22, false, CY, null, null, null, 31, 30, 44, -1
Zone3, C120H35, false, BT, null, null, null, 27, 18, 24, -1
Zone3, C124V41, false, MS, null, null, null, 27, 18, 62, -1
Zone3, C123H47, false, CY, null, null, null, 27, 19, 20, -1
Zone3, C120S57, false, CY, null, null, null, 27, 18, 20, -1
Zone3, C118A81, false, CY, null, null, null, 27, 20, 21, -1
Zone3, C121S99, false, CY, null, null, null, 27, 18, 21, -1
Zone3, C120T84, false, CY, null, null, null, 27, 20, 21, -1
Zone3, C120C95, false, CY, null, null, null, 27, 18, 20, -1
Zone3, C117F88, false, CY, null, null, null, 27, 18, 62, -1
Zone3, C121N58, false, CY, null, null, null, 27, 18, 20, -1
Zone4, C121C20, false, CY, null, null, null, 31, 30, 44, -1
Zone4, C118C78, false, PH, null, null, null, 31, 30, 18, -1
Zone3, C103B92, false, MS, null, null, null, 27, 18, 62, -1
Zone3, C111U35, false, CY, null, null, null, 27, 18, 62, -1
Zone4, C121D55, false, BL, null, null, null, 31, 30, 34, -1
Zone4, C121J63, false, CY, null, null, null, 31, 30, 34, -1
Zone3, C121C80, false, CY, null, null, null, 27, 18, 33, -1
Zone3, C121D96, false, MS, null, null, null, 27, 21, 62, -1
Zone4, C123X77, false, PH, null, null, null, 31, 30, 34, -1
Zone3, C113W84, false, MS, null, null, null, 27, 20, 18, -1
Zone3, C115Y44, false, CY, null, null, null, 27, 18, 19, -1
Zone3, C122H62, false, CY, null, null, null, 27, 18, 21, -1
Zone3, C120K60, false, CY, null, null, null, 27, 21, 18, -1
Zone3, C120F71, false, MS, null, null, null, 27, 21, 19, -1
Zone3, C119Z23, false, CY, null, null, null, 27, 18, 21, -1
Zone3, C114S19, false, CY, null, null, null, 27, 21, 18, -1
Zone3, C121C64, false, MS, null, null, null, 27, 21, 62, -1
Zone3, C115Z83, false, CY, null, null, null, 27, 18, 62, -1
Zone4, C121G84, false, PH, null, null, null, 31, 30, 34, -1
Zone3, C122G11, false, BT, null, null, null, 27, 18, 62, -1
Zone3, C121H23, false, MS, null, null, null, 27, 18, 62, -1
Zone3, C119X19, false, CY, null, null, null, 27, 18, 20, -1
Zone4, C102Q25, false, MA, null, null, null, 31, 30, 44, -1
Zone3, C122P37, false, CY, null, null, null, 27, 18, 21, -1
Zone3, C116J35, false, BT, null, null, null, 27, 18, 20, -1
Zone5, C122D70, false, BL, CY, null, null, 37, 40, 39, 1
Zone3, C121H96, false, CY, null, null, null, 27, 21, 18, -1
Zone4, C115Z17, false, CY, null, null, null, 31, 30, 18, -1
Zone3, C115Z26, false, CY, null, null, null, 27, 19, 18, -1
Zone4, C121Y97, false, CY, null, null, null, 31, 30, 34, -1
Zone3, C117V60, false, BT, null, null, null, 27, 18, 19, -1
Zone3, C123V78, false, CY, null, null, null, 27, 18, 21, -1
Zone4, C124H56, false, PH, null, null, null, 31, 30, 27, -1
Zone3, C117W80, false, CY, null, null, null, 27, 18, 21, -1
Zone3, C117K36, false, CY, null, null, null, 27, 18, 62, -1
Zone3, C117K32, false, CY, null, null, null, 27, 18, 62, -1
Zone4, C122S35, false, BL, null, null, null, 31, 30, 34, -1
Zone3, C103P64, false, CY, null, null, null, 27, 18, 57, -1
Zone3, C112B65, false, CY, null, null, null, 27, 20, 19, -1
Zone3, C105H23, false, GG, null, null, null, 27, 18, 62, -1
Zone3, C121B65, false, CY, null, null, null, 27, 21, 24, -1
Zone3, C122E51, false, CY, null, null, null, 27, 21, 18, -1
Zone4, C127Q78, false, CY, null, null, null, 31, 30, 34, -1
Zone4, C123F91, false, CY, null, null, null, 31, 30, 34, -1
Zone4, C112D80, false, PH, null, null, null, 31, 30, 34, -1
Zone4, C122E41, false, BL, null, null, null, 31, 30, 44, -1
Zone3, C118M13, false, CY, null, null, null, 27, 18, 21, -1
Zone3, C121P62, false, CY, null, null, null, 27, 18, 20, -1
Zone4, C121Z15, false, GG, null, null, null, 31, 30, 34, -1
Zone3, C121P65, false, CY, null, null, null, 27, 21, 18, -1
Zone3, C121N60, false, CY, null, null, null, 27, 18, 62, -1
Zone3, C120E70, false, CY, null, null, null, 27, 18, 20, -1
Zone3, C113B19, false, CY, null, null, null, 27, 18, 20, -1
Zone3, C118M12, false, CY, null, null, null, 27, 18, 20, -1
Zone3, C121P95, false, CY, null, null, null, 27, 18, 20, -1
Zone3, C121P97, false, BT, null, null, null, 27, 18, 62, -1
Zone3, C118V80, false, CY, null, null, null, 27, 21, 59, -1
Zone3, C121M56, false, CY, null, null, null, 27, 18, 20, -1
Zone3, C112Y36, false, CY, null, null, null, 27, 18, 20, -1
Zone5, C126C99, true, BT, null, null, null, 39, 40, 27, -1
Zone3, C113D40, false, CY, null, null, null, 27, 18, 62, -1
Zone3, C122D87, false, MS, null, null, null, 27, 21, 18, -1
Zone3, C109P18, false, CY, null, null, null, 27, 18, 62, -1
Zone3, C121P92, false, CY, null, null, null, 27, 18, 20, -1
Zone3, C115Q59, false, CY, null, null, null, 27, 18, 19, -1
Zone3, C124P51, false, CY, null, null, null, 27, 18, 33, -1
Zone3, C122G42, false, CY, null, null, null, 27, 18, 22, -1
Zone3, C120M21, false, CY, null, null, null, 27, 20, 18, -1
Zone4, C108C58, false, CY, null, null, null, 31, 30, 34, -1
Zone3, C126E99, false, CY, null, null, null, 27, 18, 19, -1
Zone3, C121P85, false, CY, null, null, null, 27, 18, 20, -1
Zone3, C128D14, false, BT, null, null, null, 27, 18, 21, -1
Zone5, C113U69, true, PH, null, null, null, 36, 39, 18, -1
Zone4, C122E98, false, BL, null, null, null, 31, 30, 44, -1
Zone3, C121X95, false, MS, null, null, null, 27, 18, 35, -1
Zone3, C120D75, false, CY, null, null, null, 27, 18, 20, -1
Zone3, C105V80, false, CY, null, null, null, 27, 18, 19, -1
Zone3, C127A65, false, CY, null, null, null, 27, 18, 20, -1
Zone5, C119S95, false, MA, MS, null, null, 37, 40, 20, 1
Zone3, C123R88, false, CY, null, null, null, 27, 21, 19, -1
Zone3, C121R40, false, MS, null, null, null, 27, 18, 21, -1
Zone3, C121Q69, false, CY, null, null, null, 27, 18, 62, -1
Zone3, C102Y24, false, CY, null, null, null, 27, 18, 20, -1
Zone3, C123R62, false, CY, null, null, null, 27, 18, 35, -1
Zone3, C115G41, false, CY, null, null, null, 27, 21, 18, -1
Zone3, C117Y81, false, CY, null, null, null, 27, 18, 19, -1
Zone3, C122Q17, false, BT, null, null, null, 27, 18, 62, -1
Zone3, C114P66, false, CY, null, null, null, 27, 18, 62, -1
Zone3, C121H45, false, CY, null, null, null, 27, 20, 18, -1
Zone3, C118B97, false, MS, null, null, null, 27, 18, 21, -1
Zone3, C114P53, false, CY, null, null, null, 27, 18, 19, -1
Zone3, C113Y29, false, BT, null, null, null, 27, 18, 62, -1
Zone3, C121S70, false, CY, null, null, null, 27, 18, 20, -1
Zone3, C112N94, false, CY, null, null, null, 27, 18, 20, -1
Zone3, C118N57, false, CY, null, null, null, 27, 20, 18, -1
Zone3, C116J87, false, CY, null, null, null, 27, 18, 19, -1
Zone3, C120X13, false, CY, null, null, null, 27, 18, 62, -1
Zone3, C119E80, false, CY, null, null, null, 27, 21, 19, -1
Zone3, C117N91, false, GG, null, null, null, 27, 18, 21, -1
Zone3, C121G41, false, CY, null, null, null, 27, 19, 20, -1
Zone3, C113W37, false, MS, null, null, null, 27, 18, 20, -1
Zone3, C116K80, false, CY, null, null, null, 27, 18, 21, -1
Zone4, C120V74, false, BT, null, null, null, 31, 30, 34, -1
Zone3, C121W30, false, CY, null, null, null, 27, 18, 22, -1
Zone3, C121W29, false, CY, null, null, null, 27, 18, 22, -1
Zone3, C121W15, false, CY, null, null, null, 27, 18, 62, -1
Zone4, C121Y53, false, GG, null, null, null, 31, 30, 34, -1
Zone3, C123Z33, false, CY, null, null, null, 27, 21, 22, -1
Zone3, C111G30, false, CY, null, null, null, 27, 18, 35, -1
Zone3, C122G87, false, CY, null, null, null, 27, 21, 18, -1
Zone3, C111T16, false, CY, null, null, null, 27, 21, 18, -1
Zone3, C121R65, false, CY, null, null, null, 27, 18, 20, -1
Zone5, C120H62, true, CY, null, null, null, 38, 41, 23, -1
Zone3, C118C76, false, CY, null, null, null, 27, 18, 21, -1
Zone3, C108J77, false, CY, null, null, null, 27, 21, 22, -1
Zone3, C122G82, true, CY, null, null, null, 18, 21, 19, -1
Zone3, C122A81, false, MS, null, null, null, 27, 18, 40, -1
Zone3, C122G97, false, CY, null, null, null, 27, 18, 21, -1
Zone5, C117H19, true, MS, null, null, null, 41, 36, 40, 1
Zone3, C106R93, false, CY, null, null, null, 27, 18, 62, -1
Zone3, C118H34, false, MS, null, null, null, 27, 18, 40, -1
Zone3, C122H13, false, CY, null, null, null, 27, 18, 37, -1
Zone3, C121W31, false, CY, null, null, null, 27, 18, 22, -1
Zone4, C121N85, false, PH, null, null, null, 31, 30, 1, -1
Zone3, C102T82, false, CY, null, null, null, 27, 18, 20, -1
Zone3, C118R34, false, CY, null, null, null, 27, 18, 62, -1
Zone3, C120V95, false, CY, null, null, null, 27, 18, 20, -1
Zone3, C125S49, false, CY, null, null, null, 27, 18, 22, -1
Zone3, C122J28, false, CY, null, null, null, 27, 18, 21, -1
Zone3, C126C90, false, CY, null, null, null, 27, 18, 62, -1
Zone4, C122J20, false, PH, null, null, null, 31, 30, 44, -1
Zone4, C118K59, false, BL, null, null, null, 31, 30, 34, -1
Zone3, C111B73, false, CY, null, null, null, 27, 18, 21, -1
Zone3, C122Z99, false, CY, null, null, null, 27, 18, 20, -1
Zone4, C113R80, false, PH, null, null, null, 31, 30, 41, -1
Zone3, C122K49, false, CY, null, null, null, 27, 18, 62, -1
Zone4, C122M15, false, MA, null, null, null, 31, 30, 44, -1
Zone3, C105C78, false, CY, null, null, null, 27, 18, 20, -1
Zone3, C122J13, false, CY, null, null, null, 27, 18, 21, -1
Zone4, C125N30, false, BL, null, null, null, 31, 30, 44, -1
Zone3, C120F89, false, CY, null, null, null, 27, 18, 40, -1
Zone3, C112B97, false, CY, null, null, null, 27, 18, 62, -1
Zone4, C116K68, false, MS, null, null, null, 31, 30, 34, -1
Zone4, C116M92, false, MS, null, null, null, 31, 30, 33, -1
Zone4, C117C99, false, PH, null, null, null, 31, 30, 34, -1
Zone3, C116X28, false, CY, null, null, null, 27, 18, 37, -1
Zone3, C118D60, false, MS, null, null, null, 27, 18, 20, -1
Zone4, C118E57, false, MS, null, null, null, 31, 30, 34, -1
Zone3, C118F61, false, CY, null, null, null, 27, 21, 22, -1
Zone3, C117Z69, true, CY, null, null, null, 18, 27, 20, -1
Zone3, C115T16, false, CY, null, null, null, 27, 21, 62, -1
Zone3, C114R53, false, CY, null, null, null, 27, 18, 19, -1
Zone3, C114P88, false, CY, null, null, null, 27, 18, 20, -1
Zone3, C114Q89, false, CY, null, null, null, 27, 21, 20, -1
Zone3, C114Q69, false, CY, null, null, null, 27, 18, 21, -1
Zone3, C114Z13, false, MS, null, null, null, 27, 18, 21, -1
Zone3, C116G14, false, CY, null, null, null, 27, 18, 19, -1
Zone4, C119C97, false, CY, null, null, null, 31, 30, 34, -1
Zone4, C118Y83, false, CY, null, null, null, 31, 30, 34, -1
Zone3, C118Y76, false, BT, null, null, null, 27, 21, 62, -1
Zone3, C116N59, false, CY, null, null, null, 27, 19, 18, -1
Zone3, C115S90, false, CY, null, null, null, 27, 18, 19, -1
Zone3, C117C32, false, CY, null, null, null, 27, 21, 20, -1
Zone3, C115E52, false, CY, null, null, null, 27, 19, 62, -1
Zone4, C107M94, false, CY, null, null, null, 31, 30, 44, -1
Zone4, C111H25, false, GG, null, null, null, 31, 30, 44, -1
Zone3, C111Q53, false, BT, null, null, null, 27, 20, 63, -1
Zone3, C116Z32, false, CY, null, null, null, 27, 18, 20, -1
Zone4, C116J79, false, CY, null, null, null, 31, 30, 44, -1
Zone3, C104E92, false, CY, null, null, null, 27, 18, 20, -1
Zone3, C117B76, false, CY, null, null, null, 27, 18, 60, -1
Zone3, C115Q23, false, CY, null, null, null, 27, 18, 21, -1
Zone3, C105Q21, false, CY, null, null, null, 27, 18, 62, -1
Zone3, C109T62, false, CY, null, null, null, 27, 21, 62, -1
Zone3, C102M27, false, MS, null, null, null, 27, 18, 62, -1
Zone3, C121B75, false, MS, null, null, null, 27, 18, 20, -1
Zone3, C121G26, false, CY, null, null, null, 27, 22, 59, -1
Zone3, C121K17, false, CY, null, null, null, 27, 21, 62, -1
Zone3, C121H81, false, BT, null, null, null, 27, 18, 19, -1
Zone3, C121M91, false, CY, null, null, null, 27, 18, 21, -1
Zone3, C118P75, true, PH, null, null, null, 27, 18, 20, -1
Zone3, C115E64, false, CY, null, null, null, 27, 21, 18, -1
Zone3, C122T36, false, BT, null, null, null, 27, 18, 62, -1
Zone3, C120M68, false, CY, null, null, null, 27, 18, 21, -1
Zone3, C109U76, false, CY, null, null, null, 27, 21, 62, -1
Zone3, C117P99, false, CY, null, null, null, 27, 18, 37, -1
Zone3, C122V69, false, CY, null, null, null, 27, 18, 20, -1
Zone3, C122V67, false, MS, null, null, null, 27, 21, 18, -1
Zone5, C120T63, true, MA, null, null, null, 38, 35, 23, -1
Zone3, C119R20, false, CY, null, null, null, 27, 18, 21, -1
Zone3, C115A98, false, CY, null, null, null, 27, 18, 62, -1
Zone3, C117R22, false, CY, null, null, null, 27, 24, 18, -1
Zone3, C116W30, false, CY, null, null, null, 27, 18, 62, -1
Zone4, C122N41, false, BL, null, null, null, 31, 30, 34, -1
Zone4, C116Q98, false, PH, null, null, null, 31, 30, 44, -1
Zone3, C115Q49, false, CY, null, null, null, 27, 18, 19, -1
Zone4, C124B52, false, BT, null, null, null, 31, 30, 44, -1
Zone3, C120Y85, false, MS, null, null, null, 27, 18, 35, -1
Zone4, C118E36, false, BL, null, null, null, 31, 30, 34, -1
Zone4, C118E70, false, GG, null, null, null, 31, 30, 44, -1
Zone3, C116J31, false, CY, null, null, null, 27, 21, 18, -1
Zone4, C117K41, false, CY, null, null, null, 31, 30, 44, -1
Zone4, C105R39, false, CY, null, null, null, 31, 30, 34, -1
Zone3, C116B41, false, CY, null, null, null, 27, 18, 16, -1
Zone3, C121N99, false, CY, null, null, null, 27, 18, 19, -1
Zone3, C123R83, false, CY, null, null, null, 27, 18, 21, -1
Zone3, C118H11, false, CY, null, null, null, 27, 22, 18, -1
Zone3, C125Z16, false, CY, null, null, null, 27, 18, 62, -1
Zone3, C123F48, false, CY, null, null, null, 27, 18, 20, -1
Zone3, C102E58, false, CY, null, null, null, 27, 18, 62, -1
Zone3, C127B86, false, BT, null, null, null, 27, 18, 62, -1
Zone3, C120T65, false, CY, null, null, null, 27, 19, 20, -1
Zone3, C106S76, false, GG, null, null, null, 27, 18, 19, -1
Zone3, C127X59, false, CY, null, null, null, 27, 18, 62, -1
Zone3, C125W24, false, CY, null, null, null, 27, 18, 21, -1
Zone4, C118X74, false, PH, null, null, null, 31, 30, 34, -1
Zone4, C120R24, false, CY, null, null, null, 31, 30, 27, -1
Zone3, C110V80, false, CY, null, null, null, 27, 18, 34, -1
Zone3, C121Q41, false, CY, null, null, null, 27, 22, 18, -1
Zone4, C118E59, false, CY, null, null, null, 31, 30, 44, -1
Zone4, C124Q15, false, BL, null, null, null, 31, 30, 44, -1
Zone3, C120J51, false, CY, null, null, null, 27, 21, 18, -1
Zone3, C119X70, false, CY, null, null, null, 27, 18, 21, -1
Zone3, C120F79, false, CY, null, null, null, 27, 18, 20, -1
Zone3, C120Y52, false, MS, null, null, null, 27, 18, 19, -1
Zone3, C122N64, false, CY, null, null, null, 27, 18, 62, -1
Zone3, C123P79, false, CY, null, null, null, 27, 21, 18, -1
Zone3, C115B99, false, CY, null, null, null, 27, 18, 21, -1
Zone5, C120S49, true, MA, null, null, null, 36, 40, 41, -1
Zone5, C123T31, true, MA, null, null, null, 41, 36, 40, -1
Zone3, C124Q24, false, CY, null, null, null, 27, 18, 19, -1
Zone3, C119Z18, false, MS, null, null, null, 27, 18, 60, -1
Zone4, C113Q48, false, MA, null, null, null, 31, 30, 44, -1
Zone5, C127V65, true, MA, null, null, null, 41, 36, 40, -1
Zone3, C117G44, false, MS, null, null, null, 27, 18, 21, -1
Zone3, C124C80, false, CY, null, null, null, 27, 21, 19, -1
Zone4, C125M18, false, BL, null, null, null, 31, 30, 34, -1
Zone3, C122H94, false, CY, null, null, null, 27, 21, 19, -1
Zone3, C122Z70, false, CY, null, null, null, 27, 21, 18, -1
Zone4, C125C79, false, PH, null, null, null, 31, 30, 44, -1
Zone4, C105A91, false, MA, null, null, null, 31, 30, 46, -1
Zone3, C121N14, false, CY, null, null, null, 27, 18, 21, -1
Zone3, C121M90, false, CY, null, null, null, 27, 18, 21, -1
Zone3, C121K60, false, CY, null, null, null, 27, 21, 62, -1
Zone4, C122M52, false, BL, null, null, null, 31, 30, 34, -1
Zone5, C121J10, true, GG, null, null, null, 41, 36, 40, 1
Zone3, C120Z87, false, CY, null, null, null, 27, 21, 24, -1
Zone3, C121H13, false, CY, null, null, null, 27, 20, 18, -1
Zone4, C123C86, false, CY, null, null, null, 31, 30, 44, -1
Zone3, C101R47, false, CY, null, null, null, 27, 18, 62, -1
Zone3, C120Z49, false, CY, null, null, null, 27, 21, 22, -1
Zone4, C126E93, false, PH, null, null, null, 31, 30, 34, -1
Zone3, C109B76, false, CY, null, null, null, 27, 18, 19, -1
Zone4, C109K53, false, CY, null, null, null, 31, 30, 44, -1
Zone3, C118U67, false, CY, null, null, null, 27, 18, 20, -1
Zone3, C123K40, false, CY, null, null, null, 27, 21, 19, -1
Zone3, C123H95, false, CY, null, null, null, 27, 18, 22, -1
Zone3, C120Q99, false, CY, null, null, null, 27, 18, 20, -1
Zone4, C125S98, false, MS, null, null, null, 31, 30, 34, -1
Zone3, C117B20, false, CY, null, null, null, 27, 18, 20, -1
Zone3, C114R89, false, CY, null, null, null, 27, 18, 63, -1
Zone3, C121X96, false, CY, null, null, null, 27, 21, 24, -1
Zone3, C101A38, false, CY, null, null, null, 27, 20, 18, -1
Zone3, C121S34, false, CY, null, null, null, 27, 21, 19, -1
Zone3, C117J48, false, CY, null, null, null, 27, 21, 18, -1
Zone3, C104P49, false, BT, null, null, null, 27, 18, 19, -1
Zone3, C117G10, false, CY, null, null, null, 27, 21, 62, -1
Zone3, C124T55, false, CY, null, null, null, 27, 20, 62, -1
Zone4, C120E98, false, PH, null, null, null, 31, 30, 34, -1
Zone3, C109F41, false, CY, null, null, null, 27, 18, 20, -1
Zone3, C124R34, false, CY, null, null, null, 27, 18, 20, -1
Zone3, C121U13, false, CY, null, null, null, 27, 18, 21, -1
Zone3, C125T27, false, CY, null, null, null, 27, 18, 22, -1
Zone3, C123U13, false, CY, null, null, null, 27, 18, 20, -1
Zone3, C122B83, false, CY, null, null, null, 27, 18, 20, -1
Zone4, C124N37, false, BL, null, null, null, 31, 30, 34, -1
Zone3, C109A89, true, PH, null, null, null, 27, 18, 20, -1
Zone3, C119V33, false, BT, null, null, null, 27, 18, 21, -1
Zone3, C101N20, false, MS, null, null, null, 27, 18, 21, -1
Zone3, C121T77, false, CY, null, null, null, 27, 18, 33, -1
Zone3, C112Y87, false, CY, null, null, null, 27, 18, 62, -1
Zone3, C119E25, false, CY, null, null, null, 27, 20, 18, -1
Zone4, C122A41, false, MA, null, null, null, 31, 30, 44, -1
Zone3, C111J56, false, CY, null, null, null, 27, 18, 20, -1
Zone3, C122K57, false, CY, null, null, null, 27, 18, 35, -1
Zone3, C118C33, false, CY, null, null, null, 27, 18, 21, -1
Zone3, C114Y15, false, CY, null, null, null, 27, 18, 41, -1
Zone3, C127G60, false, CY, null, null, null, 27, 18, 19, -1
Zone3, C123G60, true, MA, null, null, null, 27, 20, 62, -1
Zone3, C124T74, false, CY, null, null, null, 27, 18, 19, -1
Zone3, C128G55, false, MS, null, null, null, 27, 18, 21, -1
Zone4, C121V79, false, CY, null, null, null, 31, 30, 44, -1
Zone3, C117A39, false, CY, null, null, null, 27, 21, 18, -1
Zone4, C120P65, false, PH, null, null, null, 31, 30, 34, -1
Zone4, C123E77, false, CY, null, null, null, 31, 30, 44, -1
Zone4, C126A57, false, PH, null, null, null, 31, 30, 34, -1
Zone3, C123T11, false, CY, null, null, null, 27, 18, 5, -1
Zone3, C122M35, false, CY, null, null, null, 27, 18, 21, -1
Zone4, C107T18, false, GG, null, null, null, 31, 30, 44, -1
Zone3, C123H24, false, CY, null, null, null, 27, 18, 22, -1
Zone3, C123H14, false, CY, null, null, null, 27, 18, 22, -1
Zone3, C123E84, false, CY, null, null, null, 27, 18, 21, -1
Zone3, C122Q80, false, CY, null, null, null, 27, 18, 20, -1
Zone3, C122K76, true, BT, null, null, null, 25, 27, 18, -1
Zone3, C111W33, false, CY, null, null, null, 27, 18, 62, -1
Zone3, C123W79, false, BL, null, null, null, 27, 18, 62, -1
Zone3, C114Q78, false, CY, null, null, null, 27, 18, 62, -1
Zone3, C123C19, false, MA, null, null, null, 27, 21, 19, -1
Zone3, C116X59, false, CY, null, null, null, 27, 18, 20, -1
Zone3, C119Y35, false, MA, null, null, null, 27, 18, 24, -1
Zone3, C128B10, false, MA, null, null, null, 27, 18, 62, -1
Zone3, C106K88, false, MA, null, null, null, 27, 21, 19, -1
Zone4, C122G75, false, CY, null, null, null, 31, 30, 44, -1
Zone3, C122Q75, false, CY, null, null, null, 27, 18, 62, -1
Zone3, C123W41, false, BL, null, null, null, 27, 18, 62, -1
Zone3, C102T34, false, MA, null, null, null, 27, 18, 21, -1
Zone3, C123X53, false, PH, null, null, null, 27, 19, 62, -1
Zone3, C114F40, false, MA, null, null, null, 27, 19, 18, -1
Zone3, C116U59, false, PH, null, null, null, 27, 19, 62, -1
Zone3, C116U66, false, PH, null, null, null, 27, 19, 62, -1
Zone3, C124G31, false, BL, null, null, null, 27, 18, 62, -1
Zone3, C120S16, false, MA, null, null, null, 27, 18, 38, -1
Zone3, C122X39, false, PH, null, null, null, 27, 18, 57, -1
Zone3, C122H99, false, MA, null, null, null, 27, 18, 21, -1
Zone3, C124E83, false, BL, null, null, null, 27, 18, 19, -1
Zone3, C123R51, false, PH, null, null, null, 27, 21, 18, -1
Zone3, C112V41, false, BL, null, null, null, 27, 18, 62, -1
Zone3, C124H46, false, PH, null, null, null, 27, 18, 21, -1
Zone3, C124H79, false, PH, null, null, null, 27, 21, 18, -1
Zone3, C117G64, false, PH, null, null, null, 27, 18, 19, -1
Zone3, C123W23, false, CY, null, null, null, 27, 18, 19, -1
Zone4, C124H82, false, CY, null, null, null, 31, 30, 44, -1
Zone3, C123A99, false, CY, null, null, null, 27, 18, 37, -1
Zone3, C124T10, false, CY, null, null, null, 27, 18, 62, -1
Zone3, C122T94, false, MA, null, null, null, 27, 18, 19, -1
Zone3, C123A63, false, BT, null, null, null, 27, 18, 21, -1
Zone3, C116C46, false, PH, null, null, null, 27, 18, 20, -1
Zone4, C125T20, false, MA, null, null, null, 31, 30, 34, -1
Zone3, C115Q98, false, BL, null, null, null, 27, 18, 21, -1
Zone3, C115T43, false, PH, null, null, null, 27, 18, 20, -1
Zone3, C121H90, false, CY, null, null, null, 27, 18, 25, -1
Zone3, C124Z38, false, CY, null, null, null, 27, 18, 40, -1
Zone4, C125T89, false, BL, null, null, null, 31, 30, 34, -1
Zone4, C125D81, false, CY, null, null, null, 31, 30, 34, -1
Zone3, C116M12, false, CY, null, null, null, 27, 20, 62, -1
Zone3, C128M46, false, PH, null, null, null, 27, 18, 62, -1
Zone3, C125D95, false, CY, null, null, null, 27, 18, 62, -1
Zone3, C122Y59, false, MA, null, null, null, 27, 22, 21, -1
Zone4, C117F86, false, PH, null, null, null, 31, 30, 44, -1
Zone3, C120X20, false, CY, null, null, null, 27, 18, 21, -1
Zone3, C124H78, false, MA, null, null, null, 27, 18, 19, -1
Zone3, C120R86, false, MA, null, null, null, 27, 18, 21, -1
Zone3, C118E95, false, PH, null, null, null, 27, 18, 20, -1
Zone3, C118A44, false, BL, null, null, null, 27, 18, 19, -1
Zone3, C117Z52, false, CY, null, null, null, 27, 18, 62, -1
Zone3, C127C49, false, CY, null, null, null, 27, 18, 21, -1
Zone5, C115K41, true, BT, null, null, null, 41, 36, 40, -1
Zone3, C122Y29, false, MA, null, null, null, 27, 20, 21, -1
Zone4, C122Y21, false, CY, null, null, null, 31, 30, 34, -1
Zone3, C117S40, false, CY, null, null, null, 27, 21, 62, -1
Zone3, C105H90, false, PH, null, null, null, 27, 18, 20, -1
Zone3, C126J82, false, PH, null, null, null, 27, 21, 19, -1
Zone4, C124F34, false, PH, null, null, null, 31, 30, 27, -1
Zone3, C128V96, false, PH, null, null, null, 27, 20, 61, -1
Zone3, C109Q20, false, PH, null, null, null, 27, 18, 21, -1
Zone3, C120B46, false, CY, null, null, null, 27, 18, 35, -1
Zone3, C123B15, false, BL, null, null, null, 27, 18, 58, -1
Zone3, C123A40, true, PH, null, null, null, 20, 18, 63, -1
Zone3, C125T67, false, PH, null, null, null, 27, 18, 24, -1
Zone3, C124A25, false, PH, null, null, null, 27, 22, 24, -1
Zone4, C124M57, false, CY, null, null, null, 31, 30, 44, -1
Zone3, C123S53, false, CY, null, null, null, 27, 18, 30, -1
Zone3, C120K24, false, PH, null, null, null, 27, 22, 18, -1
Zone4, C124E91, false, BL, null, null, null, 31, 30, 34, -1
Zone3, C126J70, false, BL, null, null, null, 27, 18, 12, -1
Zone3, C124U57, false, MS, null, null, null, 27, 18, 21, -1
Zone4, C120Q11, false, CY, null, null, null, 31, 30, 34, -1
Zone4, C114K14, false, CY, null, null, null, 31, 30, 34, -1
Zone3, C125K38, false, MA, null, null, null, 27, 18, 62, -1
Zone3, C109K27, false, MA, null, null, null, 27, 18, 20, -1
Zone3, C122R61, false, MA, null, null, null, 27, 18, 19, -1
Zone3, C126K40, false, MA, null, null, null, 27, 18, 21, -1
Zone3, C108V86, false, PH, null, null, null, 27, 18, 22, -1
Zone4, C124H89, false, MS, null, null, null, 31, 30, 34, -1
Zone3, C123V99, false, BT, null, null, null, 27, 18, 62, -1
Zone3, C102Y88, false, BT, null, null, null, 27, 18, 62, -1
Zone3, C124U58, false, CY, null, null, null, 27, 18, 34, -1
Zone3, C123G25, false, PH, null, null, null, 27, 21, 18, -1
Zone4, C127X34, false, MA, null, null, null, 31, 30, 34, -1
Zone4, C122C12, false, BL, null, null, null, 31, 30, 34, -1
Zone3, C124J34, false, BT, null, null, null, 27, 18, 19, -1
Zone3, C122R92, false, MA, null, null, null, 27, 18, 20, -1
Zone3, C124V35, false, MA, null, null, null, 27, 21, 18, -1
Zone4, C123X56, false, CY, null, null, null, 31, 30, 44, -1
Zone3, C125U33, false, BL, null, null, null, 27, 18, 21, -1
Zone3, C121Z29, false, CY, null, null, null, 27, 18, 60, -1
Zone3, C116K24, false, BL, null, null, null, 27, 18, 21, -1
Zone3, C128E62, false, PH, null, null, null, 27, 18, 19, -1
Zone3, C120V92, false, BL, null, null, null, 27, 20, 18, -1
Zone3, C101D65, false, MS, null, null, null, 27, 18, 21, -1
Zone3, C124T76, false, MS, null, null, null, 27, 18, 20, -1
Zone3, C116J90, false, MS, null, null, null, 27, 18, 21, -1
Zone4, C124M78, false, CY, null, null, null, 31, 30, 44, -1
Zone3, C117D97, false, MS, null, null, null, 27, 18, 21, -1
Zone3, C122P72, false, PH, null, null, null, 27, 18, 25, -1
Zone3, C124P73, false, PH, null, null, null, 27, 18, 25, -1
Zone3, C105J31, false, CY, null, null, null, 27, 18, 62, -1
Zone3, C125F20, false, MA, null, null, null, 27, 21, 62, -1
Zone3, C113T76, false, BL, null, null, null, 27, 18, 20, -1
Zone3, C124W51, false, PH, null, null, null, 27, 18, 25, -1
Zone3, C124U94, false, PH, null, null, null, 27, 18, 24, -1
Zone3, C125W84, false, CY, null, null, null, 27, 22, 18, -1
Zone3, C121A24, false, BL, null, null, null, 27, 21, 18, -1
Zone3, C105R35, false, MA, null, null, null, 27, 18, 62, -1
Zone3, C109M35, false, MA, null, null, null, 27, 18, 19, -1
Zone3, C124M76, false, PH, null, null, null, 27, 18, 20, -1
Zone5, C125M36, true, PH, null, null, null, 41, 39, 36, -1
Zone3, C122W64, false, MA, null, null, null, 27, 18, 20, -1
Zone3, C106U23, false, MS, null, null, null, 27, 18, 20, -1
Zone3, C125C50, false, MS, null, null, null, 27, 18, 60, -1
Zone3, C117C16, false, CY, null, null, null, 27, 21, 62, -1
Zone3, C114A97, false, CY, null, null, null, 27, 20, 61, -1
Zone3, C125R74, false, CY, null, null, null, 27, 18, 62, -1
Zone4, C127J25, false, CY, null, null, null, 31, 30, 44, -1
Zone4, C127Q66, false, CY, null, null, null, 31, 30, 34, -1
Zone3, C109E91, false, BL, null, null, null, 27, 20, 18, -1
Zone3, C125H37, false, PH, null, null, null, 27, 18, 22, -1
Zone3, C125H27, false, PH, null, null, null, 27, 18, 21, -1
Zone3, C124W59, false, PH, null, null, null, 27, 18, 59, -1
Zone3, C121S52, false, CY, null, null, null, 27, 18, 24, -1
Zone3, C111M32, false, CY, null, null, null, 27, 18, 61, -1
Zone3, C125F49, false, PH, null, null, null, 27, 20, 18, -1
Zone3, C127N99, false, BL, null, null, null, 27, 18, 20, -1
Zone3, C112G21, false, MA, null, null, null, 27, 18, 24, -1
Zone3, C127J93, false, MA, null, null, null, 27, 19, 21, -1
Zone3, C119R25, false, CY, null, null, null, 27, 18, 21, -1
Zone3, C105X44, false, PH, null, null, null, 27, 18, 20, -1
Zone3, C124Z11, false, PH, null, null, null, 27, 18, 62, -1
Zone3, C123V39, false, CY, null, null, null, 27, 18, 20, -1
Zone3, C113F75, false, MA, null, null, null, 27, 18, 35, -1
Zone3, C105H58, false, MA, null, null, null, 27, 18, 35, -1
Zone3, C121Z81, false, CY, null, null, null, 27, 18, 21, -1
Zone3, C105F84, false, CY, null, null, null, 27, 20, 18, -1
Zone3, C102U41, false, MA, null, null, null, 27, 18, 20, -1
Zone3, C123D69, false, PH, null, null, null, 27, 18, 30, -1
Zone3, C123S34, false, BT, null, null, null, 27, 18, 62, -1
Zone3, C100W72, false, CY, null, null, null, 27, 18, 62, -1
Zone3, C122Z91, false, MA, null, null, null, 27, 18, 20, -1
Zone3, C116G11, false, BL, null, null, null, 27, 18, 20, -1
Zone4, C104D64, false, CY, null, null, null, 31, 30, 34, -1
Zone3, C125A94, false, BT, null, null, null, 27, 18, 19, -1
Zone3, C115E63, false, CY, null, null, null, 27, 21, 18, -1
Zone3, C127J56, false, BT, null, null, null, 27, 18, 62, -1
Zone3, C125G45, false, PH, null, null, null, 27, 19, 20, -1
Zone4, C120Z92, false, MA, null, null, null, 31, 30, 10, -1
Zone3, C125F91, false, MA, null, null, null, 27, 18, 19, -1
Zone3, C111F63, false, PH, null, null, null, 27, 18, 21, -1
Zone3, C121B87, false, CY, null, null, null, 27, 18, 21, -1
Zone3, C121G42, false, PH, null, null, null, 27, 20, 62, -1
Zone3, C111J86, false, PH, null, null, null, 27, 20, 62, -1
Zone3, C125V25, false, PH, null, null, null, 27, 21, 24, -1
Zone3, C125A38, false, PH, null, null, null, 27, 21, 18, -1
Zone3, C127H95, false, CY, null, null, null, 27, 19, 21, -1
Zone3, C116V69, false, MA, null, null, null, 27, 18, 22, -1
Zone3, C103B74, false, MA, null, null, null, 27, 18, 19, -1
Zone3, C119X37, false, MA, null, null, null, 27, 18, 62, -1
Zone3, C125J25, false, BT, null, null, null, 27, 18, 62, -1
Zone3, C124K70, false, PH, null, null, null, 27, 18, 21, -1
Zone3, C125J18, false, MA, null, null, null, 27, 21, 18, -1
Zone3, C127Z70, false, CY, null, null, null, 27, 18, 21, -1
Zone3, C120X11, false, MA, null, null, null, 27, 18, 20, -1
Zone3, C114E35, false, MA, null, null, null, 27, 18, 20, -1
Zone3, C125B39, false, PH, null, null, null, 27, 18, 60, -1
Zone4, C114M25, false, CY, null, null, null, 31, 30, 34, -1
Zone3, C118H28, false, MA, null, null, null, 27, 18, 20, -1
Zone4, C125K57, false, MS, null, null, null, 31, 30, 44, -1
Zone3, C101T98, false, CY, null, null, null, 27, 18, 62, -1
Zone3, C105H92, false, PH, null, null, null, 27, 18, 21, -1
Zone3, C125D32, false, CY, null, null, null, 27, 18, 19, -1
Zone3, C127D72, false, MA, null, null, null, 27, 18, 20, -1
Zone3, C116Q22, false, PH, null, null, null, 27, 18, 36, -1
Zone3, C123X16, false, MA, null, null, null, 27, 18, 21, -1
Zone3, C123F50, false, MA, null, null, null, 27, 22, 18, -1
Zone3, C120R73, false, MA, null, null, null, 27, 18, 20, -1
Zone3, C118E40, false, PH, null, null, null, 27, 18, 21, -1
Zone3, C109K23, false, MA, null, null, null, 27, 18, 35, -1
Zone3, C127U72, false, PH, null, null, null, 27, 24, 19, -1
Zone3, C116V19, false, MA, null, null, null, 27, 18, 21, -1
Zone3, C123H35, false, PH, null, null, null, 27, 18, 21, -1
Zone3, C126J42, false, PH, null, null, null, 27, 18, 20, -1
Zone3, C125X24, false, PH, null, null, null, 27, 18, 20, -1
Zone4, C124P95, false, BL, null, null, null, 31, 30, 44, -1
Zone3, C125N24, false, PH, null, null, null, 27, 18, 37, -1
Zone4, C127Z99, false, CY, null, null, null, 31, 30, 44, -1
Zone3, C116F67, false, MA, null, null, null, 27, 19, 22, -1
Zone3, C125W79, false, MA, null, null, null, 27, 18, 19, -1
Zone3, C117G40, false, GG, null, null, null, 27, 18, 19, -1
Zone3, C123P28, false, CY, null, null, null, 27, 18, 19, -1
Zone3, C105E98, false, PH, null, null, null, 27, 18, 62, -1
Zone3, C125Y57, false, MA, null, null, null, 27, 18, 37, -1
Zone3, C120S39, false, PH, null, null, null, 27, 18, 21, -1
Zone3, C124Z74, false, MA, null, null, null, 27, 20, 39, -1
Zone3, C115J16, false, PH, null, null, null, 27, 18, 21, -1
Zone3, C125U46, false, BL, null, null, null, 27, 18, 21, -1
Zone4, C124U71, false, GG, null, null, null, 31, 30, 34, -1
Zone3, C123W96, false, BL, null, null, null, 27, 18, 20, -1
Zone3, C118W18, false, CY, null, null, null, 27, 19, 21, -1
Zone3, C118R18, true, PH, null, null, null, 18, 20, 62, -1
Zone3, C118Z13, false, BL, null, null, null, 27, 21, 62, -1
Zone3, C118W68, false, BL, null, null, null, 27, 18, 62, -1
Zone3, C118F97, false, PH, null, null, null, 27, 18, 21, -1
Zone4, C122X93, false, MA, null, null, null, 31, 30, 34, -1
Zone3, C124Z98, false, MA, null, null, null, 27, 18, 20, -1
Zone3, C115Q28, false, MA, null, null, null, 27, 18, 20, -1
Zone3, C118U24, false, CY, null, null, null, 27, 18, 62, -1
Zone3, C102E75, false, PH, null, null, null, 27, 18, 20, -1
Zone3, C118A57, false, CY, null, null, null, 27, 18, 62, -1
Zone3, C125Y13, false, CY, null, null, null, 27, 21, 18, -1
Zone3, C125C46, false, MA, null, null, null, 27, 18, 20, -1
Zone3, C115D70, false, MA, null, null, null, 27, 18, 20, -1
Zone3, C123F34, false, CY, null, null, null, 27, 18, 21, -1
Zone3, C109Z10, false, MA, null, null, null, 27, 18, 62, -1
Zone3, C105Y79, false, PH, null, null, null, 27, 22, 58, -1
Zone3, C119N71, false, CY, null, null, null, 27, 18, 21, -1
Zone3, C125D87, false, BL, null, null, null, 27, 18, 20, -1
Zone3, C127K45, false, MA, null, null, null, 27, 18, 62, -1
Zone3, C124V14, false, MS, null, null, null, 27, 18, 62, -1
Zone3, C120J11, false, CY, null, null, null, 27, 18, 62, -1
Zone3, C122T39, false, BL, null, null, null, 27, 21, 62, -1
Zone3, C125Z43, false, MA, null, null, null, 27, 21, 22, -1
Zone4, C125Y76, false, BL, null, null, null, 31, 30, 44, -1
Zone3, C125P41, false, BT, null, null, null, 27, 18, 59, -1
Zone3, C127A75, false, BL, null, null, null, 27, 18, 19, -1
Zone3, C113Y24, false, CY, null, null, null, 27, 18, 21, -1
Zone3, C125G68, false, CY, null, null, null, 27, 19, 18, -1
Zone3, C117Q36, false, PH, null, null, null, 27, 18, 62, -1
Zone3, C117U99, false, MA, null, null, null, 27, 18, 21, -1
Zone3, C122N69, false, PH, null, null, null, 27, 20, 57, -1
Zone3, C125Y20, false, PH, null, null, null, 27, 18, 62, -1
Zone3, C124R89, false, CY, null, null, null, 27, 18, 20, -1
Zone3, C122W33, false, CY, null, null, null, 27, 18, 21, -1
Zone3, C119E62, false, CY, null, null, null, 27, 18, 33, -1
Zone3, C116G23, false, MA, null, null, null, 27, 24, 18, -1
Zone3, C115T56, false, PH, null, null, null, 27, 18, 24, -1
Zone3, C109S67, false, MA, null, null, null, 27, 18, 62, -1
Zone3, C122K48, false, MA, null, null, null, 27, 21, 22, -1
Zone3, C126A93, false, PH, null, null, null, 27, 21, 18, -1
Zone3, C112J75, false, PH, null, null, null, 27, 21, 18, -1
Zone3, C125F90, false, BL, null, null, null, 27, 18, 21, -1
Zone3, C127D40, false, PH, null, null, null, 27, 21, 59, -1
Zone3, C116G22, false, MA, null, null, null, 27, 21, 18, -1
Zone3, C102C34, false, MA, null, null, null, 27, 18, 20, -1
Zone3, C126A50, false, BL, null, null, null, 27, 18, 20, -1
Zone3, C117Q53, false, MA, null, null, null, 27, 18, 62, -1
Zone3, C119T91, false, BT, null, null, null, 27, 18, 40, -1
Zone3, C122N79, false, PH, null, null, null, 27, 24, 19, -1
Zone3, C118U71, false, MA, null, null, null, 27, 20, 18, -1
Zone3, C126A15, false, CY, null, null, null, 27, 18, 21, -1
Zone3, C117P16, false, PH, null, null, null, 27, 21, 59, -1
Zone3, C112P93, false, BT, null, null, null, 27, 18, 30, -1
Zone3, C127X78, false, PH, null, null, null, 27, 18, 62, -1
Zone3, C117J20, false, CY, null, null, null, 27, 21, 18, -1
Zone3, C123E97, false, MA, null, null, null, 27, 21, 26, -1
Zone3, C123P14, false, MA, null, null, null, 27, 18, 35, -1
Zone3, C124S78, false, MA, null, null, null, 27, 18, 19, -1
Zone3, C124S84, false, MA, null, null, null, 27, 18, 19, -1
Zone4, C124S94, false, PH, null, null, null, 31, 30, 34, -1
Zone3, C126A56, false, MS, null, null, null, 27, 18, 62, -1
Zone4, C118U94, false, MA, null, null, null, 31, 30, 34, -1
Zone3, C100J42, true, BL, BT, null, null, 18, 20, 21, -1
Zone4, C115S48, false, CY, null, null, null, 31, 30, 34, -1
Zone3, C109B78, false, CY, null, null, null, 27, 21, 18, -1
Zone3, C122R83, false, MA, null, null, null, 27, 21, 18, -1
Zone3, C122U84, false, MA, null, null, null, 27, 18, 62, -1
Zone3, C126B18, false, MA, null, null, null, 27, 18, 19, -1
Zone3, C126C15, false, MA, null, null, null, 27, 20, 18, -1
Zone3, C125Y43, false, CY, null, null, null, 27, 18, 20, -1
Zone3, C119W41, false, PH, null, null, null, 27, 18, 20, -1
Zone3, C109Y58, false, BL, null, null, null, 27, 18, 21, -1
Zone3, C108Z18, false, MA, null, null, null, 27, 18, 62, -1
Zone3, C126C57, false, MS, null, null, null, 27, 18, 62, -1
Zone3, C107G50, false, CY, null, null, null, 27, 18, 19, -1
Zone3, C117P45, false, PH, null, null, null, 27, 18, 20, -1
Zone3, C120K45, false, BT, null, null, null, 27, 18, 19, -1
Zone3, C124M10, false, MA, null, null, null, 27, 20, 39, -1
Zone3, C114Z32, false, PH, null, null, null, 27, 18, 20, -1
Zone3, C126C95, false, MA, null, null, null, 27, 19, 21, -1
Zone5, C126D17, false, BL, BT, null, null, 37, 40, 18, 1
Zone3, C118M10, false, MA, null, null, null, 27, 20, 62, -1
Zone3, C126H14, false, GG, null, null, null, 27, 18, 21, -1
Zone3, C123Z79, false, PH, null, null, null, 27, 18, 20, -1
Zone4, C127N62, false, BT, null, null, null, 31, 30, 34, -1
Zone3, C121T73, false, BL, null, null, null, 27, 18, 62, -1
Zone3, C105B20, false, MA, null, null, null, 27, 18, 19, -1
Zone3, C122P12, false, CY, null, null, null, 27, 21, 18, -1
Zone3, C121W41, false, CY, null, null, null, 27, 18, 21, -1
Zone3, C125Q41, false, CY, null, null, null, 27, 21, 24, -1
Zone3, C104B44, false, PH, null, null, null, 27, 18, 19, -1
Zone3, C122U16, false, CY, null, null, null, 27, 18, 62, -1
Zone3, C128V21, false, MS, null, null, null, 27, 18, 21, -1
Zone3, C124R73, false, MA, null, null, null, 27, 18, 20, -1
Zone3, C109A48, false, MA, null, null, null, 27, 18, 19, -1
Zone3, C111V22, false, BL, null, null, null, 27, 18, 21, -1
Zone3, C111P52, false, PH, null, null, null, 27, 18, 21, -1
Zone3, C126G75, false, BL, null, null, null, 27, 18, 62, -1
Zone3, C126G19, false, PH, null, null, null, 27, 18, 62, -1
Zone3, C127S88, false, CY, null, null, null, 27, 18, 19, -1
Zone3, C118B61, false, MA, null, null, null, 27, 20, 18, -1
Zone3, C127M64, false, GG, null, null, null, 27, 18, 35, -1
Zone3, C122T85, false, CY, null, null, null, 27, 18, 40, -1
Zone3, C122U28, false, CY, null, null, null, 27, 21, 18, -1
Zone3, C128B19, false, MA, null, null, null, 27, 18, 24, -1
Zone3, C121V63, false, BL, null, null, null, 27, 18, 58, -1
Zone3, C125N63, false, MA, null, null, null, 27, 20, 21, -1
Zone3, C127E22, false, PH, null, null, null, 27, 18, 24, -1
Zone3, C127E83, false, PH, null, null, null, 27, 18, 20, -1
Zone3, C126F94, false, BT, null, null, null, 27, 18, 62, -1
Zone3, C125R95, false, CY, null, null, null, 27, 18, 21, -1
Zone3, C128T79, false, CY, null, null, null, 27, 20, 62, -1
Zone3, C119G46, false, PH, null, null, null, 27, 18, 21, -1
Zone3, C114R92, false, CY, null, null, null, 27, 18, 21, -1
Zone3, C126E84, false, BT, null, null, null, 27, 18, 19, -1
Zone3, C125S11, false, CY, null, null, null, 27, 18, 21, -1
Zone3, C127M99, false, BL, null, null, null, 27, 18, 21, -1
Zone3, C128K36, false, PH, null, null, null, 27, 18, 21, -1
Zone3, C127T35, false, PH, null, null, null, 27, 18, 60, -1
Zone3, C115T36, false, GG, null, null, null, 27, 18, 62, -1
Zone3, C115Y61, false, PH, null, null, null, 27, 18, 20, -1
Zone3, C117Z61, false, CY, null, null, null, 27, 18, 62, -1
Zone3, C106U57, false, PH, null, null, null, 27, 18, 21, -1
Zone3, C107C80, true, BT, null, null, null, 18, 27, 20, -1
Zone3, C111S10, false, MA, null, null, null, 27, 18, 19, -1
Zone3, C128W60, false, BL, null, null, null, 27, 18, 62, -1
Zone3, C123X43, false, MA, null, null, null, 27, 18, 20, -1
Zone4, C107K91, false, GG, null, null, null, 31, 30, 44, -1
Zone4, C127F61, false, PH, null, null, null, 31, 30, 44, -1
Zone3, C112Y88, false, CY, null, null, null, 27, 20, 18, -1
Zone3, C127C74, false, PH, null, null, null, 27, 18, 19, -1
Zone3, C128C11, false, MA, null, null, null, 27, 18, 62, -1
Zone3, C127E19, false, BL, null, null, null, 27, 18, 22, -1
Zone3, C120K92, false, MA, null, null, null, 27, 18, 20, -1
Zone3, C127A22, false, MA, null, null, null, 27, 18, 63, -1
Zone3, C122P85, false, CY, null, null, null, 27, 18, 62, -1
Zone3, C120W97, false, CY, null, null, null, 27, 20, 19, -1
Zone3, C118X32, false, CY, null, null, null, 27, 18, 21, -1
Zone3, C123K47, false, PH, null, null, null, 27, 21, 19, -1
Zone3, C125S20, false, MA, null, null, null, 27, 18, 62, -1
Zone3, C116F59, false, PH, null, null, null, 27, 20, 62, -1
Zone5, C127H98, false, MA, MS, null, null, 37, 39, 40, 1
Zone4, C101X70, true, MA, null, null, null, 33, 29, 41, -1
Zone3, C106P95, false, MA, null, null, null, 27, 18, 20, -1
Zone3, C126F17, false, BL, null, null, null, 27, 18, 19, -1
Zone3, C115S57, false, CY, null, null, null, 27, 18, 62, -1
Zone3, C120D69, true, MA, null, null, null, 26, 24, 18, -1
Zone3, C126Q21, false, MA, null, null, null, 27, 20, 62, -1
Zone3, C126N66, false, MA, null, null, null, 27, 18, 20, -1
Zone3, C123H23, false, PH, null, null, null, 27, 19, 62, -1
Zone3, C121X45, false, CY, null, null, null, 27, 18, 21, -1
Zone3, C118C35, false, CY, null, null, null, 27, 18, 21, -1
Zone3, C125M17, false, MS, null, null, null, 27, 21, 18, -1
Zone3, C126Q85, false, CY, null, null, null, 27, 18, 20, -1
Zone4, C126R32, false, PH, null, null, null, 31, 30, 44, -1
Zone3, C119D54, false, PH, null, null, null, 27, 18, 57, -1
Zone3, C128V64, false, BL, null, null, null, 27, 18, 20, -1
Zone3, C128B89, false, MA, null, null, null, 27, 21, 62, -1
Zone4, C109B40, false, CY, null, null, null, 31, 30, 34, -1
Zone3, C128A57, false, PH, null, null, null, 27, 18, 19, -1
Zone5, C125Y52, true, CY, null, null, null, 41, 36, 39, -1
Zone3, C117C13, false, CY, null, null, null, 27, 21, 62, -1
Zone3, C102S54, false, BL, null, null, null, 27, 21, 18, -1
Zone3, C102N24, false, PH, null, null, null, 27, 18, 35, -1
Zone3, C103W47, false, PH, null, null, null, 27, 18, 53, -1
Zone3, C106M64, false, PH, null, null, null, 27, 21, 19, -1
Zone3, C109W55, false, PH, null, null, null, 27, 18, 19, -1
Zone3, C118W71, false, CY, null, null, null, 27, 21, 18, -1
Zone3, C120N62, false, PH, null, null, null, 27, 18, 19, -1
Zone3, C121X16, false, MS, null, null, null, 27, 18, 21, -1
Zone3, C120Y99, false, MA, null, null, null, 27, 18, 21, -1
Zone3, C122W36, false, CY, null, null, null, 27, 18, 21, -1
Zone3, C112N73, false, PH, null, null, null, 27, 18, 19, -1
Zone3, C125Z32, false, CY, null, null, null, 27, 18, 62, -1
Zone3, C113Q70, false, MA, null, null, null, 27, 18, 62, -1
Zone3, C126R26, false, BL, null, null, null, 27, 18, 21, -1
Zone3, C124A32, false, MA, null, null, null, 27, 18, 24, -1
Zone3, C112Z54, false, PH, null, null, null, 27, 18, 20, -1
Zone3, C127Z78, false, BL, null, null, null, 27, 18, 62, -1
Zone3, C126J48, false, BL, null, null, null, 27, 21, 19, -1
Zone3, C128W88, false, CY, null, null, null, 27, 18, 21, -1
Zone4, C128W69, false, PH, null, null, null, 31, 30, 27, -1
Zone3, C126U15, false, PH, null, null, null, 27, 18, 19, -1
Zone4, C108M41, false, CY, null, null, null, 31, 30, 34, -1
Zone3, C125S73, false, BL, null, null, null, 27, 18, 21, -1
Zone3, C119F17, false, MA, null, null, null, 27, 18, 21, -1
Zone3, C123H72, false, BL, null, null, null, 27, 18, 19, -1
Zone3, C128A89, false, BL, null, null, null, 27, 18, 20, -1
Zone3, C100B15, false, MA, null, null, null, 27, 21, 18, -1
Zone3, C126U17, false, CY, null, null, null, 27, 21, 18, -1
Zone3, C126T64, false, MA, null, null, null, 27, 18, 20, -1
Zone4, C126N39, false, GG, null, null, null, 31, 30, 34, -1
Zone3, C121S69, false, MA, null, null, null, 27, 18, 62, -1
Zone3, C127K49, false, BT, null, null, null, 27, 23, 38, -1
Zone3, C117V58, false, PH, null, null, null, 27, 18, 62, -1
Zone3, C128T97, false, BL, null, null, null, 27, 18, 21, -1
Zone3, C127M84, false, PH, null, null, null, 27, 19, 20, -1
Zone3, C126Q25, false, PH, null, null, null, 27, 18, 20, -1
Zone3, C103N42, false, MA, null, null, null, 27, 18, 22, -1
Zone3, C126U98, false, MA, null, null, null, 27, 21, 18, -1
Zone3, C127J67, false, PH, null, null, null, 27, 18, 20, -1
Zone3, C117K47, false, CY, null, null, null, 27, 19, 1, -1
Zone3, C101G93, false, PH, null, null, null, 27, 18, 20, -1
Zone3, C124V36, false, MA, null, null, null, 27, 18, 19, -1
Zone3, C125D16, false, PH, null, null, null, 27, 18, 20, -1
Zone5, C128C82, true, PH, null, null, null, 40, 39, 36, -1
Zone3, C112Y17, false, PH, null, null, null, 27, 18, 62, -1
Zone4, C126V68, false, CY, null, null, null, 31, 30, 34, -1
Zone3, C119N70, false, CY, null, null, null, 27, 18, 21, -1
Zone3, C126V51, false, CY, null, null, null, 27, 18, 19, -1
Zone3, C125A93, false, CY, null, null, null, 27, 18, 62, -1
Zone3, C126S18, false, PH, null, null, null, 27, 18, 62, -1
Zone3, C126G54, false, GG, null, null, null, 27, 18, 21, -1
Zone3, C116N56, false, BT, null, null, null, 27, 18, 21, -1
Zone3, C126V65, false, MA, null, null, null, 27, 18, 20, -1
Zone4, C105H53, false, CY, null, null, null, 31, 30, 34, -1
Zone3, C126G13, false, BL, null, null, null, 27, 18, 20, -1
Zone3, C127T34, false, PH, null, null, null, 27, 20, 62, -1
Zone3, C126H39, false, PH, null, null, null, 27, 18, 21, -1
Zone4, C126X99, false, CY, null, null, null, 31, 30, 34, -1
Zone3, C108T98, false, MA, null, null, null, 27, 18, 21, -1
Zone3, C111P32, false, BT, null, null, null, 27, 18, 19, -1
Zone3, C121V19, false, MS, null, null, null, 27, 18, 62, -1
Zone3, C122K71, false, CY, null, null, null, 27, 19, 18, -1
Zone3, C121Q79, false, PH, null, null, null, 27, 18, 62, -1
Zone3, C127F63, false, CY, null, null, null, 27, 18, 21, -1
Zone3, C116B63, false, PH, null, null, null, 27, 21, 19, -1
Zone3, C125B16, false, CY, null, null, null, 27, 18, 19, -1
Zone3, C125A24, false, BL, null, null, null, 27, 18, 62, -1
Zone3, C124Z51, false, BL, null, null, null, 27, 18, 62, -1
Zone3, C111X47, false, PH, null, null, null, 27, 18, 19, -1
Zone3, C110R78, false, MA, null, null, null, 27, 18, 19, -1
Zone4, C106J93, false, GG, null, null, null, 31, 30, 44, -1
Zone4, C106B89, false, CY, null, null, null, 31, 30, 44, -1
Zone3, C114G28, true, MA, null, null, null, 27, 21, 19, -1
Zone3, C111V30, false, BL, null, null, null, 27, 18, 63, -1
Zone4, C114T28, false, BL, null, null, null, 31, 30, 34, -1
Zone3, C119W89, false, PH, null, null, null, 27, 18, 20, -1
Zone3, C127V77, false, PH, null, null, null, 27, 21, 18, -1
Zone3, C116S13, false, MA, null, null, null, 27, 18, 62, -1
Zone3, C116B21, false, BL, null, null, null, 27, 18, 62, -1
Zone4, C115T31, false, CY, null, null, null, 31, 30, 27, -1
Zone3, C127V19, false, PH, null, null, null, 27, 24, 19, -1
Zone3, C118P88, false, GG, null, null, null, 27, 18, 40, -1
Zone3, C117M61, false, CY, null, null, null, 27, 18, 20, -1
Zone3, C127G92, false, PH, null, null, null, 27, 18, 24, -1
Zone3, C126A41, false, MA, null, null, null, 27, 20, 18, -1
Zone3, C112R20, false, CY, null, null, null, 27, 18, 21, -1
Zone3, C125Z45, false, BL, null, null, null, 27, 18, 35, -1
Zone3, C128E83, false, MA, null, null, null, 27, 18, 21, -1
Zone3, C127M92, false, MS, null, null, null, 27, 18, 21, -1
Zone3, C127U65, false, BL, null, null, null, 27, 22, 21, -1
Zone4, C128S41, false, CY, null, null, null, 31, 30, 34, -1
Zone3, C127H17, false, PH, null, null, null, 27, 19, 35, -1
Zone4, C105G85, false, GG, null, null, null, 31, 30, 44, -1
Zone4, C125N12, false, CY, null, null, null, 31, 30, 34, -1
Zone3, C120T44, false, PH, null, null, null, 27, 18, 20, -1
Zone3, C126G65, false, PH, null, null, null, 27, 20, 18, -1
Zone3, C127A21, false, MA, null, null, null, 27, 18, 21, -1
Zone3, C101K48, false, PH, null, null, null, 27, 18, 62, -1
Zone3, C105H18, false, GG, null, null, null, 27, 18, 62, -1
Zone4, C106G46, false, PH, null, null, null, 31, 30, 51, -1
Zone3, C115S44, false, PH, null, null, null, 27, 18, 35, -1
Zone3, C106T87, false, PH, null, null, null, 27, 18, 41, -1
Zone3, C113C14, false, MA, null, null, null, 27, 18, 62, -1
Zone3, C119N51, false, CY, null, null, null, 27, 18, 21, -1
Zone4, C121A32, false, MA, null, null, null, 31, 30, 34, -1
Zone3, C126D25, false, PH, null, null, null, 27, 18, 19, -1
Zone3, C126R22, false, CY, null, null, null, 27, 18, 20, -1
Zone3, C127H59, false, PH, null, null, null, 27, 18, 19, -1
Zone3, C111A48, false, MA, null, null, null, 27, 18, 19, -1
Zone4, C125E11, false, MA, null, null, null, 31, 30, 34, -1
Zone3, C124Y45, false, CY, null, null, null, 27, 18, 62, -1
Zone3, C128F54, false, PH, null, null, null, 27, 18, 20, -1
Zone3, C123D79, false, MA, null, null, null, 27, 22, 18, -1
Zone3, C120Z23, false, CY, null, null, null, 27, 21, 24, -1
Zone3, C124M37, false, PH, null, null, null, 27, 18, 20, -1
Zone3, C127J24, false, CY, null, null, null, 27, 18, 59, -1
Zone3, C128M64, false, PH, null, null, null, 27, 19, 18, -1
Zone3, C125M95, false, MA, null, null, null, 27, 18, 20, -1
Zone3, C126C72, false, PH, null, null, null, 27, 18, 20, -1
Zone3, C114F62, false, CY, null, null, null, 27, 18, 35, -1
Zone3, C126P89, false, BT, null, null, null, 27, 18, 62, -1
Zone3, C126J25, false, CY, null, null, null, 27, 18, 22, -1
Zone3, C127H18, false, CY, null, null, null, 27, 18, 20, -1
Zone3, C104N20, false, MA, null, null, null, 27, 18, 62, -1
Zone3, C126K75, false, PH, null, null, null, 27, 18, 61, -1
Zone3, C123K97, false, MA, null, null, null, 27, 18, 20, -1
Zone3, C108W67, false, MS, null, null, null, 27, 18, 20, -1
Zone3, C122B40, false, PH, null, null, null, 27, 20, 61, -1
Zone3, C128Q38, false, PH, null, null, null, 27, 20, 18, -1
Zone3, C127V39, false, MA, null, null, null, 27, 22, 21, -1
Zone3, C127J87, false, CY, null, null, null, 27, 18, 21, -1
Zone3, C127J59, false, PH, null, null, null, 27, 18, 20, -1
Zone3, C127K21, false, CY, null, null, null, 27, 18, 22, -1
Zone3, C119K10, false, CY, null, null, null, 27, 18, 62, -1
Zone3, C110D90, false, MA, null, null, null, 27, 18, 21, -1
Zone3, C120Y94, false, MS, null, null, null, 27, 18, 40, -1
Zone3, C127U40, false, PH, null, null, null, 27, 24, 19, -1
Zone3, C126D48, false, BL, null, null, null, 27, 18, 62, -1
Zone3, C118C34, false, CY, null, null, null, 27, 18, 21, -1
Zone3, C127P43, false, BL, null, null, null, 27, 18, 20, -1
Zone3, C126K70, false, PH, null, null, null, 27, 18, 62, -1
Zone3, C127K73, false, MA, null, null, null, 27, 18, 19, -1
Zone3, C127K89, false, PH, null, null, null, 27, 18, 62, -1
Zone3, C127V45, false, MA, null, null, null, 27, 18, 57, -1
Zone3, C127V22, false, BT, null, null, null, 27, 18, 62, -1
Zone3, C106R77, false, CY, null, null, null, 27, 18, 21, -1
Zone3, C126B22, false, CY, null, null, null, 27, 18, 20, -1
Zone3, C127S23, false, PH, null, null, null, 27, 21, 35, -1
Zone3, C117E10, true, MA, null, null, null, 20, 18, 27, -1
Zone3, C121V24, false, BT, null, null, null, 27, 18, 21, -1
Zone3, C128W47, false, PH, null, null, null, 27, 18, 21, -1
Zone3, C100P58, false, MA, null, null, null, 27, 18, 21, -1
Zone3, C118J11, false, CY, null, null, null, 27, 19, 62, -1
Zone3, C124G91, false, CY, null, null, null, 27, 18, 21, -1
Zone3, C124B36, false, MS, null, null, null, 27, 18, 20, -1
Zone3, C128W79, false, MA, null, null, null, 27, 19, 18, -1
Zone3, C127W85, false, CY, null, null, null, 27, 24, 18, -1
Zone3, C110B46, false, BL, null, null, null, 27, 18, 62, -1
Zone3, C128V49, false, BL, null, null, null, 27, 18, 21, -1
Zone3, C128W32, false, CY, null, null, null, 27, 18, 24, -1
Zone3, C128A30, false, CY, null, null, null, 27, 19, 18, -1
Zone3, C116M31, false, MA, null, null, null, 27, 21, 18, -1
Zone3, C117E65, false, PH, null, null, null, 27, 18, 62, -1
Zone3, C112H98, false, PH, null, null, null, 27, 18, 21, -1
Zone3, C108X39, false, PH, null, null, null, 27, 18, 21, -1
Zone3, C116K77, false, CY, null, null, null, 27, 18, 19, -1
Zone3, C127W78, false, CY, null, null, null, 27, 21, 19, -1
Zone3, C111Q59, false, PH, null, null, null, 27, 18, 20, -1
Zone3, C124N78, false, MA, null, null, null, 27, 18, 21, -1
Zone3, C127F99, false, BL, null, null, null, 27, 18, 62, -1
Zone3, C127W95, false, MS, null, null, null, 27, 18, 62, -1
Zone5, C127X22, true, BL, null, null, null, 39, 40, 36, -1
Zone3, C127X12, false, CY, null, null, null, 27, 18, 21, -1
Zone3, C125D98, false, MA, null, null, null, 27, 21, 18, -1
Zone3, C112R85, false, PH, null, null, null, 27, 18, 19, -1
Zone3, C106E34, false, CY, null, null, null, 27, 21, 18, -1
Zone3, C106B16, false, PH, null, null, null, 27, 18, 21, -1
Zone3, C112G33, false, BL, null, null, null, 27, 21, 18, -1
Zone3, C126G97, false, BT, null, null, null, 27, 18, 19, -1
Zone3, C127X39, false, MA, null, null, null, 27, 18, 20, -1
Zone3, C115K55, false, PH, null, null, null, 27, 18, 20, -1
Zone3, C117S39, false, MA, null, null, null, 27, 20, 18, -1
Zone3, C119W23, false, CY, null, null, null, 27, 19, 18, -1
Zone3, C107W30, false, MA, null, null, null, 27, 18, 21, -1
Zone3, C125G81, false, BL, null, null, null, 27, 18, 21, -1
Zone3, C120N10, false, BL, null, null, null, 27, 18, 62, -1
Zone3, C122F84, false, BT, null, null, null, 27, 18, 41, -1
Zone3, C125H61, false, MA, null, null, null, 27, 18, 19, -1
Zone3, C121W11, false, CY, null, null, null, 27, 18, 21, -1
Zone3, C121T35, false, MA, null, null, null, 27, 18, 21, -1
Zone4, C116S27, false, CY, null, null, null, 31, 30, 34, -1
Zone3, C119R24, false, CY, null, null, null, 27, 18, 21, -1
Zone3, C113D59, false, PH, null, null, null, 27, 18, 25, -1
Zone3, C127X93, false, PH, null, null, null, 27, 18, 21, -1
Zone3, C118P25, false, MA, null, null, null, 27, 18, 24, -1
Zone3, C127R80, false, CY, null, null, null, 27, 18, 20, -1
Zone5, C126Q55, false, BL, BT, null, null, 37, 35, 18, 1
Zone3, C101N27, false, PH, null, null, null, 27, 18, 62, -1
Zone4, C127Q48, false, MA, null, null, null, 31, 30, 44, -1
Zone3, C116P46, false, CY, null, null, null, 27, 18, 20, -1
Zone3, C126N51, false, BL, null, null, null, 27, 18, 62, -1
Zone3, C123J85, false, BL, null, null, null, 27, 18, 19, -1
Zone3, C107K46, false, MA, null, null, null, 27, 18, 19, -1
Zone3, C128M68, false, PH, null, null, null, 27, 21, 18, -1
Zone3, C123X12, false, MA, null, null, null, 27, 18, 62, -1
Zone3, C126P56, false, CY, null, null, null, 27, 21, 18, -1
Zone3, C108Q29, false, MA, null, null, null, 27, 18, 62, -1
Zone3, C126Q20, true, MA, null, null, null, 27, 20, 62, -1
Zone3, C112M68, false, PH, null, null, null, 27, 18, 19, -1
Zone3, C121Q13, false, MA, null, null, null, 27, 18, 20, -1
Zone4, C113Y92, true, CY, null, null, null, 31, 30, 34, -1
Zone3, C117Q85, false, PH, null, null, null, 27, 18, 57, -1
Zone3, C128F59, false, BT, null, null, null, 27, 20, 18, -1
Zone3, C127Q60, false, BL, null, null, null, 27, 18, 20, -1
Zone3, C126G90, false, PH, null, null, null, 27, 20, 18, -1
Zone3, C121E12, false, PH, null, null, null, 27, 18, 60, -1
Zone3, C128K20, false, PH, null, null, null, 27, 20, 18, -1
Zone3, C106X56, false, PH, null, null, null, 27, 18, 21, -1
Zone3, C115N14, false, MA, null, null, null, 27, 18, 62, -1
Zone3, C127W69, false, BL, null, null, null, 27, 18, 62, -1
Zone4, C127V58, false, CY, null, null, null, 31, 30, 34, -1
Zone3, C127W29, false, MA, null, null, null, 27, 18, 22, -1
Zone3, C113E10, false, MA, null, null, null, 27, 18, 59, -1
Zone3, C126E36, false, PH, null, null, null, 27, 21, 19, -1
Zone3, C121K99, false, PH, null, null, null, 27, 18, 59, -1
Zone3, C116A47, false, PH, null, null, null, 27, 18, 21, -1
Zone3, C112J47, false, MA, null, null, null, 27, 18, 62, -1
Zone3, C121U57, false, PH, null, null, null, 27, 21, 19, -1
Zone3, C101N48, false, MA, null, null, null, 27, 18, 20, -1
Zone5, C126C50, false, MA, CY, null, null, 37, 35, 18, 1
Zone3, C118B38, false, PH, null, null, null, 27, 21, 19, -1
Zone3, C102U47, false, BL, null, null, null, 27, 20, 62, -1
Zone3, C117Z79, false, CY, null, null, null, 27, 18, 62, -1
Zone4, C108P46, false, PH, null, null, null, 31, 30, 34, -1
Zone3, C121Q15, false, PH, null, null, null, 27, 18, 62, -1
Zone5, C119U21, false, MA, MS, null, null, 37, 35, 40, 1
Zone3, C128K77, false, BT, null, null, null, 27, 20, 18, -1
Zone4, C108P37, false, PH, null, null, null, 31, 30, 34, -1
Zone3, C127Y55, false, BT, null, null, null, 27, 20, 62, -1
Zone3, C120T20, false, CY, null, null, null, 27, 18, 21, -1
Zone4, C123Y32, false, CY, null, null, null, 31, 30, 34, -1
Zone3, C128F85, false, MA, null, null, null, 27, 18, 62, -1
Zone3, C127Y77, false, BL, null, null, null, 27, 18, 20, -1
Zone3, C123Y52, false, BT, null, null, null, 27, 18, 20, -1
Zone3, C118C21, false, MS, null, null, null, 27, 18, 40, -1
Zone4, C110J35, false, BT, null, null, null, 31, 30, 44, -1
Zone3, C121X24, false, PH, null, null, null, 27, 18, 20, -1
Zone3, C118N36, false, PH, null, null, null, 27, 18, 35, -1
Zone3, C124V86, false, MA, null, null, null, 27, 18, 37, -1
Zone6, C124U15, true, GG, null, null, null, 46, 43, 28, -1
Zone3, C127P23, false, BL, null, null, null, 27, 18, 20, -1
Zone3, C127Z25, false, BL, null, null, null, 27, 18, 20, -1
Zone3, C123X50, false, BL, null, null, null, 27, 18, 24, -1
Zone3, C127Z28, false, CY, null, null, null, 27, 24, 18, -1
Zone3, C124F36, false, CY, null, null, null, 27, 21, 18, -1
Zone3, C110N51, false, CY, null, null, null, 27, 21, 18, -1
Zone4, C121F49, false, CY, null, null, null, 31, 30, 34, -1
Zone3, C120P96, false, PH, null, null, null, 27, 18, 21, -1
Zone3, C124Z14, false, PH, null, null, null, 27, 18, 62, -1
Zone3, C122Q29, false, PH, null, null, null, 27, 18, 60, -1
Zone3, C124A64, false, PH, null, null, null, 27, 20, 62, -1
Zone3, C127C38, false, CY, null, null, null, 27, 18, 19, -1
Zone4, C124H66, false, CY, null, null, null, 31, 30, 2, -1
Zone3, C124Y44, false, BL, null, null, null, 27, 18, 21, -1
Zone3, C126D71, false, PH, null, null, null, 27, 21, 18, -1
Zone3, C126Z36, false, MA, null, null, null, 27, 20, 21, -1
Zone3, C119B90, false, PH, null, null, null, 27, 18, 20, -1
Zone4, C124Z72, false, CY, null, null, null, 31, 30, 34, -1
Zone3, C122J27, false, MS, null, null, null, 27, 18, 21, -1
Zone3, C125C68, false, PH, null, null, null, 27, 18, 21, -1
Zone3, C119H15, false, CY, null, null, null, 27, 18, 40, -1
Zone3, C127X32, false, BL, null, null, null, 27, 18, 20, -1
Zone3, C123D24, false, MA, null, null, null, 27, 18, 62, -1
Zone3, C128B29, false, BT, null, null, null, 27, 18, 62, -1
Zone3, C123W93, false, CY, null, null, null, 27, 18, 62, -1
Zone3, C123U28, false, BT, null, null, null, 27, 18, 62, -1
Zone3, C122E32, false, CY, null, null, null, 27, 18, 22, -1
Zone3, C114N29, false, PH, null, null, null, 27, 18, 19, -1
Zone3, C113J75, false, MA, null, null, null, 27, 19, 21, -1
Zone3, C128G16, false, BL, null, null, null, 27, 18, 21, -1
Zone3, C122A98, false, MA, null, null, null, 27, 18, 21, -1
Zone3, C128H99, false, BL, null, null, null, 27, 18, 20, -1
Zone3, C127S81, false, MA, null, null, null, 27, 18, 62, -1
Zone3, C127K55, false, MA, null, null, null, 27, 18, 19, -1
Zone3, C102W86, false, CY, null, null, null, 27, 18, 57, -1
Zone3, C108T92, false, PH, null, null, null, 27, 18, 62, -1
Zone3, C128F22, false, PH, null, null, null, 27, 21, 59, -1
Zone3, C115R41, false, PH, null, null, null, 27, 18, 20, -1
Zone3, C102R64, false, PH, null, null, null, 27, 18, 62, -1
Zone3, C120U24, false, PH, null, null, null, 27, 18, 39, -1
Zone4, C114X26, false, BT, null, null, null, 31, 30, 34, -1
Zone3, C101E51, false, PH, null, null, null, 27, 18, 21, -1
Zone3, C125P24, false, BL, null, null, null, 27, 18, 21, -1
Zone3, C122V35, false, MA, null, null, null, 27, 18, 20, -1
Zone3, C102E38, false, MA, null, null, null, 27, 18, 62, -1
Zone3, C114P90, false, CY, null, null, null, 27, 18, 20, -1
Zone3, C128R41, false, MS, null, null, null, 27, 18, 21, -1
Zone3, C126Z23, false, CY, null, null, null, 27, 18, 1, -1
Zone3, C127A64, false, PH, null, null, null, 27, 21, 18, -1
Zone3, C102G93, false, MA, null, null, null, 27, 18, 21, -1
Zone3, C118V55, false, PH, null, null, null, 27, 18, 19, -1
Zone3, C116D52, false, PH, null, null, null, 27, 18, 57, -1
Zone3, C127N66, false, PH, null, null, null, 27, 21, 62, -1
Zone3, C120Z24, false, MA, null, null, null, 27, 18, 62, -1
Zone3, C106Y37, false, MA, null, null, null, 27, 18, 59, -1
Zone4, C127G42, false, BL, null, null, null, 31, 30, 34, -1
Zone3, C120B55, false, BL, null, null, null, 27, 18, 20, -1
Zone3, C127Q84, false, CY, null, null, null, 27, 21, 19, -1
Zone5, C128H22, false, PH, MS, null, null, 37, 35, 40, 1
Zone4, C123C75, false, CY, null, null, null, 31, 30, 9, -1
Zone4, C126R60, false, CY, null, null, null, 31, 30, 44, -1
Zone3, C124U54, false, PH, null, null, null, 27, 24, 18, -1
Zone4, C127B73, false, CY, null, null, null, 31, 30, 44, -1
Zone3, C128Q84, false, MS, null, null, null, 27, 22, 18, -1
Zone3, C109E11, false, PH, null, null, null, 27, 18, 62, -1
Zone3, C123D58, false, CY, null, null, null, 27, 18, 20, -1
Zone3, C125N78, false, PH, null, null, null, 27, 18, 21, -1
Zone3, C128D90, false, PH, null, null, null, 27, 18, 21, -1
Zone4, C108X35, false, BL, null, null, null, 31, 30, 44, -1
Zone3, C105C84, false, BL, null, null, null, 27, 22, 21, -1
Zone3, C121F45, false, PH, null, null, null, 27, 18, 21, -1
Zone3, C128J17, false, CY, null, null, null, 27, 21, 19, -1
Zone3, C122D58, false, PH, null, null, null, 27, 18, 62, -1
Zone3, C126E33, false, PH, null, null, null, 27, 18, 21, -1
Zone3, C126C55, false, BT, null, null, null, 27, 18, 20, -1
Zone3, C124U38, false, PH, null, null, null, 27, 21, 18, -1
Zone3, C120W44, false, BL, null, null, null, 27, 18, 19, -1
Zone3, C121A65, false, CY, null, null, null, 27, 21, 18, -1
Zone3, C121A70, false, MA, null, null, null, 27, 21, 18, -1
Zone3, C122C20, false, MA, null, null, null, 27, 18, 20, -1
Zone4, C123C28, false, CY, null, null, null, 31, 30, 34, -1
Zone4, C123A36, false, PH, null, null, null, 31, 30, 34, -1
Zone3, C121G70, false, BT, null, null, null, 27, 21, 62, -1
Zone3, C120D94, false, MA, null, null, null, 27, 18, 19, -1
Zone3, C123M22, false, MA, null, null, null, 27, 18, 19, -1
Zone4, C123J45, false, MA, null, null, null, 31, 30, 43, -1
Zone3, C128K24, false, CY, null, null, null, 27, 21, 18, -1
Zone3, C128J87, false, CY, null, null, null, 27, 18, 62, -1
Zone3, C117S73, false, PH, null, null, null, 27, 23, 38, -1
Zone3, C128J80, false, PH, null, null, null, 27, 18, 21, -1
Zone3, C128K46, false, BL, null, null, null, 27, 18, 19, -1
Zone3, C124U67, false, CY, null, null, null, 27, 18, 21, -1
Zone3, C115T60, false, PH, null, null, null, 27, 18, 20, -1
Zone3, C102A66, false, CY, null, null, null, 27, 18, 20, -1
Zone3, C117S27, false, PH, null, null, null, 27, 18, 62, -1
Zone3, C128A53, false, PH, null, null, null, 27, 21, 62, -1
Zone3, C128K70, false, BT, null, null, null, 27, 18, 21, -1
Zone3, C125T69, false, CY, null, null, null, 27, 18, 21, -1
Zone3, C102W63, false, CY, null, null, null, 27, 18, 41, -1
Zone3, C111A84, false, CY, null, null, null, 27, 18, 57, -1
Zone3, C100E20, false, MA, null, null, null, 27, 18, 20, -1
Zone3, C120J95, false, BL, null, null, null, 27, 19, 62, -1
Zone3, C128M25, false, MA, null, null, null, 27, 18, 62, -1
Zone4, C124M67, false, PH, null, null, null, 31, 30, 44, -1
Zone3, C127V94, false, CY, null, null, null, 27, 21, 22, -1
Zone3, C122W17, false, PH, null, null, null, 27, 18, 19, -1
Zone3, C117E82, false, CY, null, null, null, 27, 21, 19, -1
Zone3, C111E73, false, PH, null, null, null, 27, 20, 62, -1
Zone3, C116R90, false, PH, null, null, null, 27, 18, 20, -1
Zone3, C125M41, false, PH, null, null, null, 27, 18, 40, -1
Zone3, C128M93, false, PH, null, null, null, 27, 18, 20, -1
Zone3, C128M90, false, PH, null, null, null, 27, 18, 20, -1
Zone4, C127S80, false, BT, null, null, null, 31, 30, 44, -1
Zone3, C118P56, false, BT, null, null, null, 27, 18, 62, -1
Zone3, C116R19, false, MA, null, null, null, 27, 18, 62, -1
Zone3, C127P87, false, MS, null, null, null, 27, 18, 19, -1
Zone3, C121C78, false, CY, null, null, null, 27, 18, 19, -1
Zone3, C104Y77, false, BL, null, null, null, 27, 21, 19, -1
Zone3, C103K13, false, PH, null, null, null, 27, 18, 19, -1
Zone3, C103W74, false, CY, null, null, null, 27, 18, 20, -1
Zone3, C124S69, false, BT, null, null, null, 27, 23, 18, -1
Zone3, C126N56, false, CY, null, null, null, 27, 18, 35, -1
Zone3, C125H85, false, PH, null, null, null, 27, 21, 18, -1
Zone3, C125B23, false, MS, null, null, null, 27, 18, 60, -1
Zone3, C116N93, false, MA, null, null, null, 27, 21, 18, -1
Zone3, C126B85, false, BL, null, null, null, 27, 18, 19, -1
Zone3, C127M37, false, CY, null, null, null, 27, 18, 62, -1
Zone4, C125N11, false, PH, null, null, null, 31, 30, 34, -1
Zone3, C127P28, false, BT, null, null, null, 27, 18, 21, -1
Zone3, C127P81, false, CY, null, null, null, 27, 18, 62, -1
Zone3, C127N93, false, CY, null, null, null, 27, 18, 19, -1
Zone3, C128S55, false, BL, null, null, null, 27, 18, 21, -1
Zone3, C126Q69, false, CY, null, null, null, 27, 18, 22, -1
Zone3, C127Y23, false, BL, null, null, null, 27, 18, 62, -1
Zone3, C127X84, false, CY, null, null, null, 27, 18, 21, -1
Zone3, C100Q33, true, MA, null, null, null, 20, 18, 63, -1
Zone3, C121W72, false, PH, null, null, null, 27, 18, 20, -1
Zone4, C125V66, true, CY, null, null, null, 31, 30, 34, -1
Zone3, C125Y15, true, MA, null, null, null, 18, 19, 21, -1
Zone3, C126X62, false, MA, null, null, null, 27, 21, 22, -1
Zone3, C126Z15, false, BL, null, null, null, 27, 18, 62, -1
Zone3, C119B38, false, MA, null, null, null, 27, 18, 20, -1
Zone3, C128T10, false, BT, null, null, null, 27, 18, 62, -1
Zone3, C128S10, false, CY, null, null, null, 27, 18, 62, -1
Zone3, C128B58, false, MA, null, null, null, 27, 18, 21, -1
Zone3, C122E75, false, MA, null, null, null, 27, 18, 20, -1
Zone4, C120V83, false, CY, null, null, null, 31, 30, 34, -1
Zone3, C126H97, false, PH, null, null, null, 27, 18, 20, -1
Zone5, C125V87, true, MS, null, null, null, 41, 40, 39, -1
Zone3, C128W92, false, MS, null, null, null, 27, 18, 62, -1
Zone3, C128S52, false, CY, null, null, null, 27, 19, 18, -1
Zone3, C128U75, false, MA, null, null, null, 27, 21, 18, -1
Zone3, C128R95, false, BL, null, null, null, 27, 18, 21, -1
Zone4, C119S40, false, GG, null, null, null, 31, 30, 34, -1
Zone2, C127A40, false, PH, null, null, null, 9, 17, 12, -1
Zone5, C115S37, true, MA, null, null, null, 41, 36, 40, -1
Zone3, C128U31, false, MA, null, null, null, 27, 24, 21, -1
Zone3, C124Q70, false, CY, null, null, null, 27, 21, 18, -1
Zone3, C125U73, false, PH, null, null, null, 27, 21, 62, -1
Zone3, C128Q88, false, MS, null, null, null, 27, 21, 18, -1
Zone3, C128E66, false, PH, null, null, null, 27, 18, 19, -1
Zone3, C127K60, false, MS, null, null, null, 27, 18, 62, -1
Zone3, C127C94, false, MS, null, null, null, 27, 20, 18, -1
Zone3, C126E82, false, MS, null, null, null, 27, 20, 18, -1
Zone3, C128H16, false, MA, null, null, null, 27, 18, 62, -1
Zone3, C120U17, false, CY, null, null, null, 27, 18, 20, -1
Zone3, C119G82, false, PH, null, null, null, 27, 18, 21, -1
Zone3, C110V60, false, PH, null, null, null, 27, 18, 19, -1
Zone5, C115S34, true, MA, null, null, null, 41, 36, 40, -1
Zone3, C125B57, false, PH, null, null, null, 27, 24, 18, -1
Zone3, C120H40, false, PH, null, null, null, 19, 18, 27, -1
Zone3, C115X90, false, PH, null, null, null, 27, 18, 21, -1
Zone4, C128E37, false, CY, null, null, null, 31, 30, 44, -1
Zone3, C114R93, false, PH, null, null, null, 27, 18, 20, -1
Zone3, C128P87, false, CY, null, null, null, 27, 18, 20, -1
Zone4, C113Z79, false, BT, null, null, null, 31, 30, 44, -1
Zone4, C126G29, false, CY, null, null, null, 31, 30, 34, -1
Zone3, C124Y27, false, PH, null, null, null, 27, 18, 20, -1
Zone3, C123U16, false, PH, null, null, null, 27, 18, 24, -1
Zone4, C111J84, false, MA, null, null, null, 31, 30, 34, -1
Zone3, C101C82, false, PH, null, null, null, 27, 18, 22, -1
Zone3, C102D43, false, PH, null, null, null, 27, 18, 24, -1
Zone3, C104D62, false, BL, null, null, null, 27, 20, 18, -1
Zone3, C107H37, false, CY, null, null, null, 27, 18, 21, -1
Zone3, C109Q78, false, PH, null, null, null, 27, 18, 21, -1
Zone3, C109X33, false, CY, null, null, null, 27, 18, 21, -1
Zone3, C110Z75, false, PH, null, null, null, 27, 20, 18, -1
Zone3, C123G27, false, MA, null, null, null, 27, 18, 19, -1
Zone3, C126A83, false, BT, null, null, null, 27, 19, 18, -1
Zone3, C100Y48, false, MA, null, null, null, 27, 18, 35, -1
Zone3, C101P32, false, CY, null, null, null, 27, 21, 18, -1
Zone3, C104N79, false, BT, null, null, null, 27, 18, 20, -1
Zone3, C106F91, false, PH, null, null, null, 27, 18, 9, -1
Zone3, C106M71, false, CY, null, null, null, 27, 21, 18, -1
Zone3, C107V47, false, BL, null, null, null, 27, 18, 21, -1
Zone3, C107W83, false, PH, null, null, null, 27, 18, 62, -1
Zone3, C108S57, false, CY, null, null, null, 27, 18, 59, -1
Zone3, C110B79, false, CY, null, null, null, 27, 18, 35, -1
Zone3, C111G33, false, PH, null, null, null, 27, 21, 18, -1
Zone3, C112H64, false, CY, null, null, null, 27, 18, 21, -1
Zone3, C112N29, false, CY, null, null, null, 27, 18, 62, -1
Zone3, C113T98, false, MA, null, null, null, 27, 21, 22, -1
Zone3, C114M61, false, MA, null, null, null, 27, 21, 18, -1
Zone3, C116F87, false, PH, null, null, null, 27, 18, 21, -1
Zone3, C117H61, false, MA, null, null, null, 27, 18, 22, -1
Zone3, C117Y11, false, PH, null, null, null, 27, 18, 21, -1
Zone3, C118G81, false, BL, null, null, null, 19, 18, 21, -1
Zone3, C120T54, false, PH, null, null, null, 27, 22, 49, -1
Zone3, C122R18, false, CY, null, null, null, 27, 18, 21, -1
Zone3, C123M57, false, MS, null, null, null, 27, 18, 24, -1
Zone3, C127W39, false, CY, null, null, null, 27, 18, 22, -1
Zone3, C127W49, false, CY, null, null, null, 27, 18, 20, -1
Zone3, C100Y37, false, CY, null, null, null, 27, 18, 62, -1
Zone4, C106B49, false, GG, null, null, null, 31, 30, 44, -1
Zone3, C110C90, false, PH, null, null, null, 19, 18, 21, -1
Zone3, C112S13, false, CY, null, null, null, 27, 18, 21, -1
Zone3, C113Q30, false, PH, null, null, null, 27, 21, 18, -1
Zone3, C114G70, false, BT, null, null, null, 27, 18, 62, -1
Zone3, C115B15, false, MA, null, null, null, 19, 21, 27, -1
Zone3, C117B59, false, CY, null, null, null, 27, 18, 20, -1
Zone3, C119Z59, false, CY, null, null, null, 27, 18, 21, -1
Zone3, C120F74, false, BL, null, null, null, 27, 18, 21, -1
Zone3, C126T11, false, PH, null, null, null, 19, 18, 27, -1
Zone3, C127X69, false, BL, null, null, null, 27, 18, 21, -1
Zone3, C128J54, false, BL, null, null, null, 27, 19, 18, -1
Zone3, C100B30, false, MA, null, null, null, 27, 18, 19, -1
Zone3, C101C22, false, PH, null, null, null, 27, 18, 62, -1
Zone3, C104Z59, false, PH, null, null, null, 27, 18, 59, -1
Zone3, C105N88, false, PH, null, null, null, 27, 18, 59, -1
Zone3, C106R69, false, MA, null, null, null, 27, 18, 24, -1
Zone3, C106Y86, false, CY, null, null, null, 27, 21, 20, -1
Zone3, C107G99, false, PH, null, null, null, 19, 27, 18, -1
Zone3, C107P45, false, MA, null, null, null, 27, 18, 19, -1
Zone3, C107Z12, false, CY, null, null, null, 27, 18, 20, -1
Zone3, C108A84, false, CY, null, null, null, 27, 18, 19, -1
Zone3, C108G55, false, PH, null, null, null, 27, 18, 39, -1
Zone3, C108P72, false, MA, null, null, null, 27, 18, 59, -1
Zone3, C110P97, false, CY, null, null, null, 27, 18, 21, -1
Zone3, C111X95, false, BL, null, null, null, 27, 22, 21, -1
Zone3, C113D68, false, PH, null, null, null, 27, 18, 21, -1
Zone3, C113K54, false, MA, null, null, null, 27, 18, 62, -1
Zone3, C114R45, false, MA, null, null, null, 27, 18, 62, -1
Zone3, C114R99, false, CY, null, null, null, 27, 18, 19, -1
Zone3, C114X77, false, CY, null, null, null, 27, 18, 62, -1
Zone3, C116D93, false, CY, null, null, null, 27, 18, 62, -1
Zone3, C116T84, false, PH, null, null, null, 27, 18, 21, -1
Zone3, C120X75, false, PH, null, null, null, 27, 21, 19, -1
Zone3, C123Z98, false, CY, null, null, null, 27, 21, 24, -1
Zone3, C126Z49, false, PH, null, null, null, 27, 21, 18, -1
Zone3, C127U10, false, MS, null, null, null, 27, 18, 20, -1
Zone3, C127W41, false, CY, null, null, null, 27, 18, 21, -1
Zone3, C128S80, false, MA, null, null, null, 27, 21, 62, -1
Zone4, C111G73, false, CY, null, null, null, 31, 30, 34, -1
Zone3, C117A73, false, BL, null, null, null, 19, 18, 21, -1
Zone3, C125A53, true, PH, null, null, null, 18, 22, 19, -1
Zone3, C122S30, false, PH, null, null, null, 27, 20, 61, -1
Zone3, C128A95, false, PH, null, null, null, 27, 18, 21, -1
Not Allocated candidate 1462
Allocated candidate 44269
